,,,DESCRIPTION,QTY,Supplier Price,MARKUP %,,CX PRICE with markup,UNIT,SUPPLIER,MATERIAL TYPE,NOTES,LINK,TIMESTAMP
,SHEATHING,ST-1,"4x8'-1/2"" SE Advantec Sheathing Struct 1",-,$29.76,28.00%,,$38.09,sheets,Gillies & Prittie Warehouse,Sheathing,,,
,,,"4x8'-5/8"" SE Advantec Sheathing Struct 1",-,$33.28,28.00%,,$42.60,sheets,Gillies & Prittie Warehouse,Sheathing,,,
,,PT,"4x8'-1/2"" PT CDX",-,$33.28,28.00%,,$42.60,sheets,Gillies & Prittie Warehouse,Sheathing,,1/2 in. x 4 ft. x 8 ft. CDX Ground Contact Pressure-Treated Pine Plywood,
,,,"4x8'-3/4"" PT CDX",-,$50.46,28.00%,,$64.59,sheets,Gillies & Prittie Warehouse,Sheathing,,3/4 in. x 4 ft. x 8 ft. Ground Contact Pressure Treated Pine Performance Rated Sheathing Plywood,
,,,"4x8'-3/4"" PT Southern Yellow Pine Plywood Sheathing",-,$45.34,15.00%,,$52.14,sheets,Lowes,Sheathing,,3/4-in x 4-ft x 8-ft Pressure Treated Southern Yellow Pine Plywood Sheathing,
,,OSB,"4x8'-1/2"" OSB SE",-,$9.44,28.00%,,$12.08,sheets,Gillies & Prittie Warehouse,Sheathing,,,
,,,"4x8'-5/8"" OSB SE",-,$17.50,28.00%,,$22.40,sheets,Gillies & Prittie Warehouse,Sheathing,,,
,,T&G,"4x8'-3/4"" OSB T&G",-,$15.97,28.00%,,$20.44,sheets,Gillies & Prittie Warehouse,Sheathing,,23/32 in. T&G OSB Subfloor (Common: 23/32 in. x 4 ft. x 8 ft.; Actual: 0.703 in. x 47.875 in. x 95.875 in.) 920924 - The Home Depot,
,,,"4x8'-5/8"" OSB T&G",-,$14.88,28.00%,,$19.05,sheets,Gillies & Prittie Warehouse,Sheathing,,,
,,,"4x8'-3/4"" CDX T&G - Dryply",-,$52.00,15.00%,,$59.80,sheets,Home Depot,Sheathing,,23/32in. x 4 ft. x 8 ft T&G Dryply Plywood (Actual: 0.703 in. x 48 in. x 96 in.) 673014 - The Home Depot,6/2/2025
,,,"4x8'-3/4"" OSB T&G - LP TN350",-,$32.00,20.00%,,$38.40,sheets,HardPine,Sheathing,,,
,,,"4x8'-3/4"" OSB T&G - LP TN250",,$21.00,25.00%,,$26.25,sheets,BlueLinx,Sheathing,,,
,,,"4x8'-3/4"" T&G Advantech",-,$37.31,28.00%,,$47.76,sheets,Gillies & Prittie Warehouse,Sheathing,,,
,,,"4x8'-5/8"" T&G Advantech",-,$33.44,28.00%,,$42.80,sheets,Gillies & Prittie Warehouse,Sheathing,,,
,,CDX,"4x8'-1/2"" CDX SE",-,$25.12,28.00%,,$32.15,sheets,Gillies & Prittie Warehouse,Sheathing,,,
,,,"4x8'-3/4"" CDX SE",-,$31.52,28.00%,,$40.35,sheets,Gillies & Prittie Warehouse,Sheathing,,,
,,,"4x8'-5/8"" CDX SE",-,$25.44,28.00%,,$32.56,sheets,Gillies & Prittie Warehouse,Sheathing,,,
,,ZIP,"4x8'-7/16"" Green Zip",-,$26.77,28.00%,,$34.27,sheets,Gillies & Prittie Warehouse,Sheathing,,,
,,,"4x8'-1/2"" Brown Zip",-,$29.93,28.00%,,$38.31,sheets,Gillies & Prittie Warehouse,Sheathing,,,
,,,"4x8'-5/8"" Brown Zip",-,$35.48,28.00%,,$45.42,sheets,Gillies & Prittie Warehouse,Sheathing,,,
,,ZIP-R,"4x8'x1""(R-3) Green Zip",-,$61.07,28.00%,,$78.17,sheets,Gillies & Prittie Warehouse,Sheathing,,,
,,,"4x8'x1-1/2""(R-6) Green Zip",-,$68.92,28.00%,,$88.22,sheets,Gillies & Prittie Warehouse,Sheathing,,,
,,,"4x8'x2""(R-9) Green Zip",-,$88.09,28.00%,,$112.76,sheets,Gillies & Prittie Warehouse,Sheathing,,,
,,,"4x8'x2-1/2""(R-12) Green Zip",-,$88.09,28.00%,,$112.76,sheets,Gillies & Prittie Warehouse,Sheathing,,,
,,FRT,"4x8'-1/2"" FRT LP Flameblock",-,$49.57,25.00%,,$61.96,sheets,BlueLinx,Sheathing,,,
,,,"4x8'-5/8"" FRT PT Plywood",-,$65.67,10.00%,,$72.24,sheets,Home Depot,Sheathing,,5/8 in. x 4 ft. x 8 ft. CDX Fire-Retardant Pressure-Treated Plywood,6/2/2025
,,,"4x8'-3/4"" FRT T&G CDX",-,$56.58,25.00%,,$70.73,sheets,National Lumber,Sheathing,,,
,,,"4x8'-3/4"" FRT CDX",-,$50.99,25.00%,,$63.74,sheets,National Lumber,Sheathing,,,
,,,"4x8'-1/2"" EXACOR Magnesium-Oxide",-,$50.21,25.00%,,$62.76,sheets,,Sheathing,,By Randy,
,,INS,"4x8'x1"" Rigid Insulation",-,$30.97,15.00%,,$35.62,sheets,Home Depot,Sheathing,,Owens Corning FOAMULAR NGX F-150 1 in. x 4 ft. x 8 ft. SSE R-5 XPS Rigid Foam Board Insulation,
,,,"4x8'x2"" Rigid Insulation",-,$59.97,15.00%,,$68.97,sheets,Home Depot,Sheathing,,FOAMULAR NGX F-250 2 in. x 4 ft. x 8 ft. SSE R-10 XPS Rigid Foam Board Insulation,
,,,"4x8'x2-1/2"" Rigid Insulation",-,$75.96,15.00%,,$87.35,sheets,Home Depot,Sheathing,,fixed price,
,,Marine,"4x8'-1/2"" Marine Plywood",-,$126.52,15.00%,,$145.50,sheets,BFS,Sheathing,,,
,,,"4x8'-1/4"" Marine Plywood",-,$107.75,15.00%,,$123.91,sheets,BFS,Sheathing,,,
,,,"4x8'-3/4"" Marine Plywood",-,$146.88,15.00%,,$168.91,sheets,BFS,Sheathing,,,
,,,"4x8'-5/8"" Marine Plywood",-,$136.16,15.00%,,$156.58,sheets,BFS,Sheathing,,,
,STRAPPIING,1X3 Strapp,"1x3""-8' Strapping",-,$0.99,28.00%,,$1.27,pcs,Gillies & Prittie Warehouse,Strapping,,,
,,,"1x3""-12' Strapping",-,$1.28,28.00%,,$1.63,pcs,Gillies & Prittie Warehouse,Strapping,,,
,,,"1x3""-16' Strapping",-,$2.58,28.00%,,$3.30,pcs,Gillies & Prittie Warehouse,Strapping,,,
,SPRUCE PINE FIR,SPF#2,"2x4""-92-5/8"" SPF#2",-,$3.00,28.00%,,$3.84,pcs,Gillies & Prittie Warehouse,SPF Lumber,,,
,,,"2x4""-8' SPF#2",-,$3.01,28.00%,,$3.85,pcs,Gillies & Prittie Warehouse,SPF Lumber,,,
,,,"2x4""-104-5/8"" SPF#2",-,$3.32,28.00%,,$4.25,pcs,Gillies & Prittie Warehouse,SPF Lumber,,,
,,,"2x4""-10' SPF#2",-,$3.76,28.00%,,$4.82,pcs,Gillies & Prittie Warehouse,SPF Lumber,,,
,,,"2x4""-12' SPF#2",-,$4.68,28.00%,,$5.98,pcs,Gillies & Prittie Warehouse,SPF Lumber,,,
,,,"2x4""-14' SPF#2",-,$5.87,28.00%,,$7.52,pcs,Gillies & Prittie Warehouse,SPF Lumber,,,
,,,"2x4""-16' SPF#2",-,$7.73,28.00%,,$9.89,pcs,Gillies & Prittie Warehouse,SPF Lumber,,,
,,,"2x6""-92-5/8"" SPF#2",-,$4.49,28.00%,,$5.75,pcs,Gillies & Prittie Warehouse,SPF Lumber,,,
,,,"2x6""-8' SPF#2",-,$4.59,28.00%,,$5.88,pcs,Gillies & Prittie Warehouse,SPF Lumber,,,
,,,"2x6""-104-5/8"" SPF#2",-,$4.97,28.00%,,$6.36,pcs,Gillies & Prittie Warehouse,SPF Lumber,,,
,,,"2x6""-10' SPF#2",-,$5.75,28.00%,,$7.36,pcs,Gillies & Prittie Warehouse,SPF Lumber,,,
,,,"2x6""-12' SPF#2",-,$6.72,28.00%,,$8.60,pcs,Gillies & Prittie Warehouse,SPF Lumber,,,
,,,"2x6""-14' SPF#2",-,$7.14,28.00%,,$9.14,pcs,Gillies & Prittie Warehouse,SPF Lumber,,,
,,,"2x6""-16' SPF#2",-,$9.36,28.00%,,$11.98,pcs,Gillies & Prittie Warehouse,SPF Lumber,,,
,,,"2x6""-18' SPF#2",-,$10.25,28.00%,,$13.13,pcs,Gillies & Prittie Warehouse,SPF Lumber,,,
,,,"2x6""-20' SPF#2",-,$14.90,28.00%,,$19.07,pcs,Gillies & Prittie Warehouse,SPF Lumber,,,
,,,"2x8""-8' SPF#2",-,$5.95,28.00%,,$7.61,pcs,Gillies & Prittie Warehouse,SPF Lumber,,,
,,,"2x8""-10' SPF#2",-,$7.43,28.00%,,$9.52,pcs,Gillies & Prittie Warehouse,SPF Lumber,,,
,,,"2x8""-12' SPF#2",-,$9.08,28.00%,,$11.62,pcs,Gillies & Prittie Warehouse,SPF Lumber,,,
,,,"2x8""-14' SPF#2",-,$10.59,28.00%,,$13.56,pcs,Gillies & Prittie Warehouse,SPF Lumber,,,
,,,"2x8""-16' SPF#2",-,$12.11,28.00%,,$15.50,pcs,Gillies & Prittie Warehouse,SPF Lumber,,,
,,,"2x8""-18' SPF#2",-,$17.84,28.00%,,$22.83,pcs,Gillies & Prittie Warehouse,SPF Lumber,,,
,,,"2x8""-20' SPF#2",-,$19.82,28.00%,,$25.37,pcs,Gillies & Prittie Warehouse,SPF Lumber,,,
,,,"2x10""-8' SPF#2",-,$8.50,28.00%,,$10.88,pcs,Gillies & Prittie Warehouse,SPF Lumber,,,
,,,"2x10""-10' SPF#2",-,$11.12,28.00%,,$14.24,pcs,Gillies & Prittie Warehouse,SPF Lumber,,,
,,,"2x10""-12' SPF#2",-,$13.35,25.00%,,$16.68,pcs,Fairway Lumber,SPF Lumber,,,
,,,"2x10""-14' SPF#2",-,$15.57,28.00%,,$19.93,pcs,Gillies & Prittie Warehouse,SPF Lumber,,,
,,,"2x10""-16' SPF#2",-,$17.00,25.00%,,$21.25,pcs,Fairway Lumber,SPF Lumber,,,
,,,"2x10""-18' SPF#2",-,$19.12,28.00%,,$24.48,pcs,Gillies & Prittie Warehouse,SPF Lumber,,,
,,,"2x10""-20' SPF#2",-,$21.25,28.00%,,$27.20,pcs,Gillies & Prittie Warehouse,SPF Lumber,,,
,,,"2x12""-8' SPF#2",-,$12.78,28.00%,,$16.36,pcs,Gillies & Prittie Warehouse,SPF Lumber,,,
,,,"2x12""-10' SPF#2",-,$15.98,28.00%,,$20.45,pcs,Gillies & Prittie Warehouse,SPF Lumber,,,
,,,"2x12""-12' SPF#2",-,$19.18,25.00%,,$23.97,pcs,Fairway Lumber,SPF Lumber,,,
,,,"2x12""-14' SPF#2",-,$22.37,28.00%,,$28.64,pcs,Gillies & Prittie Warehouse,SPF Lumber,,,
,,,"2x12""-16' SPF#2",-,$25.57,25.00%,,$31.96,pcs,Fairway Lumber,SPF Lumber,,,
,,,"2x12""-18' SPF#2",-,$35.96,28.00%,,$46.03,pcs,Gillies & Prittie Warehouse,SPF Lumber,,,
,,,"2x12""-20' SPF#2",-,$39.96,28.00%,,$51.15,pcs,Gillies & Prittie Warehouse,SPF Lumber,,,
,PRESSURE TREATED LUMBER,PT 2x-4x-6x,"2x4""-8' PT",-,$4.18,28.00%,,$5.35,pcs,Gillies & Prittie Warehouse,PT Lumber,,,
,,,"2x4""-10' PT",-,$5.11,28.00%,,$6.55,pcs,Gillies & Prittie Warehouse,PT Lumber,,,
,,,"2x4""-12' PT",-,$6.10,28.00%,,$7.81,pcs,Gillies & Prittie Warehouse,PT Lumber,,,
,,,"2x4""-14' PT",-,$7.68,28.00%,,$9.83,pcs,Gillies & Prittie Warehouse,PT Lumber,,,
,,,"2x4""-16' PT",-,$8.78,28.00%,,$11.24,pcs,Gillies & Prittie Warehouse,PT Lumber,,,
,,,"2x6""-8' PT",-,$5.86,28.00%,,$7.51,pcs,Gillies & Prittie Warehouse,PT Lumber,,,
,,,"2x6""-10' PT",-,$7.51,28.00%,,$9.61,pcs,Gillies & Prittie Warehouse,PT Lumber,,,
,,,"2x6""-12' PT",-,$9.25,28.00%,,$11.84,pcs,Gillies & Prittie Warehouse,PT Lumber,,,
,,,"2x6""-14' PT",-,$10.35,28.00%,,$13.24,pcs,Gillies & Prittie Warehouse,PT Lumber,,,
,,,"2x6""-16' PT",-,$12.16,28.00%,,$15.56,pcs,Gillies & Prittie Warehouse,PT Lumber,,,
,,,"2x8""-8' PT",-,$8.25,28.00%,,$10.55,pcs,Gillies & Prittie Warehouse,PT Lumber,,,
,,,"2x8""-10' PT",-,$9.99,28.00%,,$12.79,pcs,Gillies & Prittie Warehouse,PT Lumber,,,
,,,"2x8""-12' PT",-,$12.42,28.00%,,$15.89,pcs,Gillies & Prittie Warehouse,PT Lumber,,,
,,,"2x8""-14' PT",-,$13.56,28.00%,,$17.35,pcs,Gillies & Prittie Warehouse,PT Lumber,,,
,,,"2x8""-16' PT",-,$15.68,28.00%,,$20.07,pcs,Gillies & Prittie Warehouse,PT Lumber,,,
,,,"2x10""-8' PT",-,$9.72,28.00%,,$12.44,pcs,Gillies & Prittie Warehouse,PT Lumber,,,
,,,"2x10""-10' PT",-,$12.50,28.00%,,$16.00,pcs,Gillies & Prittie Warehouse,PT Lumber,,,
,,,"2x10""-12' PT",-,$15.80,28.00%,,$20.22,pcs,Gillies & Prittie Warehouse,PT Lumber,,,
,,,"2x10""-14' PT",-,$18.41,28.00%,,$23.56,pcs,Gillies & Prittie Warehouse,PT Lumber,,,
,,,"2x10""-16' PT",-,$20.72,28.00%,,$26.52,pcs,Gillies & Prittie Warehouse,PT Lumber,,,
,,,"2x12""-8' PT",-,$13.42,28.00%,,$17.18,pcs,Gillies & Prittie Warehouse,PT Lumber,,,
,,,"2x12""-10' PT",-,$16.46,28.00%,,$21.07,pcs,Gillies & Prittie Warehouse,PT Lumber,,,
,,,"2x12""-12' PT",-,$19.92,28.00%,,$25.50,pcs,Gillies & Prittie Warehouse,PT Lumber,,,
,,,"2x12""-14' PT",-,$26.29,28.00%,,$33.65,pcs,Gillies & Prittie Warehouse,PT Lumber,,,
,,,"2x12""-16' PT",-,$25.60,28.00%,,$32.77,pcs,Gillies & Prittie Warehouse,PT Lumber,,,
,,,"4x4""-8' PT",-,$14.38,28.00%,,$18.41,pcs,Gillies & Prittie Warehouse,PT Lumber,,,
,,,"4x4""-10' PT",-,$18.22,28.00%,,$23.32,pcs,Gillies & Prittie Warehouse,PT Lumber,,,
,,,"4x4""-12' PT",-,$20.54,28.00%,,$26.30,pcs,Gillies & Prittie Warehouse,PT Lumber,,,
,,,"4x4""-14' PT",-,$27.86,28.00%,,$35.66,pcs,Gillies & Prittie Warehouse,PT Lumber,,,
,,,"4x4""-16' PT",-,$29.22,28.00%,,$37.40,pcs,Gillies & Prittie Warehouse,PT Lumber,,,
,,,"4x8""-12' PT",-,$30.64,28.00%,,$39.22,pcs,Gillies & Prittie Warehouse,PT Lumber,,,
,,,"6x6""-8' PT",-,$22.97,28.00%,,$29.40,pcs,Gillies & Prittie Warehouse,PT Lumber,,,
,,,"6x6""-10' PT",-,$31.47,28.00%,,$40.28,pcs,Gillies & Prittie Warehouse,PT Lumber,,,
,,,"6x6""-12' PT",-,$32.33,28.00%,,$41.38,pcs,Gillies & Prittie Warehouse,PT Lumber,,,
,,,"6x6""-14' PT",-,$42.97,28.00%,,$55.00,pcs,Gillies & Prittie Warehouse,PT Lumber,,,
,,,"6x6""-16' PT",-,$45.50,28.00%,,$58.25,pcs,Gillies & Prittie Warehouse,PT Lumber,,,
,RIMBOARD,OSB Rimboard,"9-1/2""-1' OSB Rimboard",-,$2.66,15.00%,,$3.06,lf,Concord,OSB Rimboard,,,
,,,"11-7/8""-1' OSB Rimboard",-,$3.21,15.00%,,$3.69,lf,Concord,OSB Rimboard,,,
,,,"14""-1' OSB Rimboard",-,$3.92,15.00%,,$4.51,lf,Concord,OSB Rimboard,,,
,,,"16""-1' OSB Rimboard",-,$4.83,15.00%,,$5.55,lf,Concord,OSB Rimboard,,,
,,LSL Rimboard,"1-1/4x5-1/2"" LSL Rimboard",-,$3.26,15.00%,,$3.75,lf,Concord,LSL Lumber,,,
,,,"1-1/4x9-1/2"" LSL Rimboard",-,$5.75,15.00%,,$6.61,lf,Concord,LSL Lumber,Fixed Price,4.168333333,
,,,"1-1/4x11-7/8"" LSL Rimboard",-,$7.90,15.00%,,$9.09,lf,Concord,LSL Lumber,,$0.67,
,,,"1-1/4x14"" LSL Rimboard",-,$0.53,15.00%,,$0.61,lf,Concord,LSL Lumber,,$0.04,
,,,"1-1/4x16"" LSL Rimboard",-,$0.56,15.00%,,$0.65,lf,Concord,LSL Lumber,,$0.04,
,,,"1-1/4x18"" LSL Rimboard",-,$10.89,15.00%,,$12.52,lf,Concord,LSL Lumber,Fixed Price,$0.60,
,,,"1-1/4x20"" LSL Rimboard",-,$12.10,15.00%,,$13.91,lf,Concord,LSL Lumber,,$0.60,
,"""LVL LAM VENNER LUMBER / 2.0E PSL BEAMS",LVL Beams,"1-3/4x14""-16' LVL PT",-,$330.40,20.00%,,$396.48,pcs,PRODeckSupply,PT Lumber,,https://prodeckmn.com/products/pwt-treated-lvls-1-1-2x14?variant=46756240621859,
,,,"1-3/4x5-1/2"" LVL",-,$0.00,20.00%,,$0.00,lf,HardPine,LVL Lumber,,,
,,,"1-3/4x7-1/2"" LVL",-,$7.69,20.00%,,$9.23,lf,HardPine,LVL Lumber,,,
,,,"1-3/4x9-1/2"" LVL",-,$7.62,20.00%,,$9.15,lf,HardPine,LVL Lumber,,,
,,,"1-3/4x11-7/8"" LVL",-,$9.52,20.00%,,$11.42,lf,HardPine,LVL Lumber,,,
,,,"1-3/4x14"" LVL",-,$12.98,20.00%,,$15.58,lf,HardPine,LVL Lumber,,,
,,,"1-3/4x16"" LVL",-,$13.75,20.00%,,$16.50,lf,HardPine,LVL Lumber,,,
,,,"1-3/4x18"" LVL",-,$17.99,20.00%,,$21.58,lf,HardPine,LVL Lumber,,,
,,,"1-3/4x20"" LVL",-,$18.02,15.00%,,$20.72,lf,Concord,LVL Lumber,,,
,,,"1-3/4x24"" LVL",-,$26.47,20.00%,,$31.76,lf,HardPine,LVL Lumber,,,
,,,"3-1/2x9-1/2"" LVL",-,$17.81,15.00%,,$20.48,lf,Concord,LVL Lumber,,,
,,,"3-1/2x11-7/8"" LVL",-,$22.07,15.00%,,$25.38,lf,Concord,LVL Lumber,,,
,,,"3-1/2x14"" LVL",-,$26.11,15.00%,,$30.03,lf,Concord,LVL Lumber,,,
,,,"3-1/2x18"" LVL",-,$33.57,15.00%,,$38.61,lf,Concord,LVL Lumber,Fixed price,,
,,,"5-1/4x9-1/2"" LVL",-,$27.48,15.00%,,$31.60,lf,Concord,LVL Lumber,,,
,,,"5-1/4x11-7/8"" LVL",-,$35.25,15.00%,,$40.54,lf,Concord,LVL Lumber,,,
,,,"5-1/4x14"" LVL",-,$43.15,15.00%,,$49.62,lf,Concord,LVL Lumber,,,
,,,"7x11-7/8"" LVL",-,$45.19,15.00%,,$51.97,lf,Concord,LVL Lumber,,,
,VERSA COLUMN / 1.8E PSL COLUMNS,PSL Columns,"3-1/2x3-1/2"" Versa Column",-,$7.59,15.00%,,$8.73,lf,Concord,Versa Lumber,,,
,,,"3-1/2x5-1/4"" Versa Column",-,$10.16,15.00%,,$11.68,lf,Concord,Versa Lumber,,,
,,,"3-1/2x7"" Versa Column",-,$13.33,15.00%,,$15.33,lf,Concord,Versa Lumber,,,
,,,"5-1/4x5-1/4"" Versa Column",-,$19.49,15.00%,,$22.41,lf,Concord,Versa Lumber,288,,
,,,"5-1/4x7"" Versa Column",-,$26.26,15.00%,,$30.20,lf,Concord,Versa Lumber,,,
,,,"7x7"" Versa Column",-,$43.00,15.00%,,$49.45,lf,Concord,Versa Lumber,,,
,I-JOIST,Nordic Structures,"2-1/2x11-7/8"" NI-60 I-Joists",-,$4.09,20.00%,,$4.91,lf,HardPine,NI-60 I-Joists,,,
,,,"2-1/2x14"" NI-60 I-Joists",-,$4.48,20.00%,,$5.37,lf,HardPine,NI-60 I-Joists,,,
,,,"2-1/2x16"" NI-60 I-Joists",-,$4.95,20.00%,,$5.94,lf,HardPine,NI-60 I-Joists,,,
,,AJS I-Joists,"2-1/2x9-1/2"" AJS 20 (HP)",-,$4.63,20.00%,,$5.56,lf,HardPine,AJS I-Joists,"equivalencia de BCI o TJI
Pregunatrle a Jon si puede conseguir de precio BCI o TJI ",,
,,,"2-1/2x11-7/8"" AJS 20 (HP)",-,$4.90,20.00%,,$5.87,lf,HardPine,AJS I-Joists,,,
,,,"2-1/2x16"" AJS 20 (HP)",-,$5.93,20.00%,,$7.11,lf,HardPine,AJS I-Joists,,,
,,,"2-1/2x9-1/2"" AJS 20 (Conc)",-,$4.21,15.00%,,$4.84,lf,Concord,AJS I-Joists,,,
,,,"2-1/2x11-7/8"" AJS 20 (Conc)",-,$4.45,15.00%,,$5.12,lf,Concord,AJS I-Joists,,,
,,,"2-1/2x14"" AJS 20 (Conc)",-,$5.07,15.00%,,$5.83,lf,Concord,AJS I-Joists,,,
,,,"2-1/2x16"" AJS 20 (Conc)",-,$5.39,15.00%,,$6.20,lf,Concord,AJS I-Joists,,,
,,,"3-1/2x9-1/2"" AJS 25 (Conc)",-,$5.45,15.00%,,$6.27,lf,Concord,AJS I-Joists,,,
,,,"3-1/2x11-7/8"" AJS 25 (Conc)",-,$8.06,15.00%,,$9.27,lf,Concord,AJS I-Joists,,,
,,,"3-1/2x14"" AJS 25 (Conc)",-,$6.61,15.00%,,$7.60,lf,Concord,AJS I-Joists,,,
,,,"3-1/2x16"" AJS 25 (Conc)",-,$7.04,15.00%,,$8.10,lf,Concord,AJS I-Joists,,,
,MISCELLANEOUS,Insulating,"36""x65' Roofing underlayment",195sf,$118.68,15.00%,,$136.48,rolls,Home Depot,Miscelaneous,,GCP Applied Technologies Grace Select 36 in. x 65 ft. Roll Self Adhered Roofing Underlayment (195 sq. ft.) 5003200 - The Home Depot,
,,,"36""x75' Roofing underlayment",225sf,$245.78,15.00%,,$282.65,rolls,Home Depot,Miscelaneous,,GCP Applied Technologies Grace Ice and Water Shield 36 in. x 75 ft. Roll Self-Adhered Roofing Underlayment (225 sq. ft.) 5003002 - The Home Depot,
,,Foam seal,"3-1/2""x50' FoamSeal",50',$7.84,15.00%,,$9.02,rolls,Home Depot,Miscelaneous,,Owens Corning FoamSealR 3-1/2 in. x 50 ft. Multi-Use Ridged Sill Plate Gasket,
,,,"5-1/2""x50' FoamSeal",50',$10.97,15.00%,,$12.62,rolls,Home Depot,Miscelaneous,,Owens Corning FoamSealR 5-1/2 in. x 50 ft. Multi-Use Ridged Sill Plate Gasket 2FS - The Home Depot,
,,,"7-1/2""x50'-6rolls FoamSeal",300',$94.18,15.00%,,$108.31,rolls,Home Depot,Miscelaneous,,Owens Corning FoamSealR 7-1/2 in. x 50 ft. Multi-Use Ridged Sill Plate Gasket (6-Roll per Bag),
,,Wrap,3'x165' Housewrap TYVEK,495sf,$93.00,15.00%,,$106.95,rolls,Home Depot,Miscelaneous,,TYVEK 3 ft. x 165 ft. HomeWrap Housewrap (495 Sq.Ft) D15540828 - The Home Depot,
,,,9'x150' Housewrap TYVEK,1350sf,$224.00,15.00%,,$257.60,rolls,Home Depot,Miscelaneous,,TYVEK 9 ft. x 150 ft. HomeWrap Housewrap (1350 Sq.Ft),
,,Tape,"2""x164' Tape TYVEK",328sf,$15.67,15.00%,,$18.02,rolls,Home Depot,Miscelaneous,,TYVEK 2 in. x 164 ft. HomeWrap Housewrap Installation Tape (328 Sq.Ft) D13841470 - The Home Depot,
,,,"6""x75'-4s Tape DU PONT",4rolls,$393.61,15.00%,,$452.65,packs,Home Depot,Miscelaneous,,DuPont 6 in. x 75 ft. Flashing Tape,
,,,"3-3/4""x90' ZIP Flashing Tape",-,$34.95,15.00%,,$40.19,rolls,Home Depot,Miscelaneous,,3-3/4 in. x 90 ft. ZIP System Tape 5017100 - The Home Depot,
,,,"3-3/4""x90'_12rolls ZIP Flashing Tape",12rolls,$307.00,28.00%,,$392.96,rolls,Gillies & Prittie Warehouse,Miscelaneous,,,
,,,"3-1/4""x75'_12rolls ZIP Flashing Tape",12rolls,$305.00,28.00%,,$390.40,rolls,Gillies & Prittie Warehouse,Miscelaneous,min 55 boxes,,
,,,"6""x75'-4rolls_WS ZIP Flashing Tape",4rolls,$138.00,28.00%,,$176.64,rolls,Gillies & Prittie Warehouse,Miscelaneous,min 54 boxes,,
,,,"6""x75'-4rolls_Retail ZIP Flashing Tape",4rolls,$149.00,28.00%,,$190.72,rolls,Gillies & Prittie Warehouse,Miscelaneous,53 boxes or less,,
,,,"6""x75' ZIP Flashing Tape",-,$49.35,15.00%,,$56.75,rolls,Home Depot,Miscelaneous,,Huber 6 in. x 75 ft. ZIP System Linered Flashing Tape 5017124 - The Home Depot,
,,,"12""x50' ZIP Flashing Tape",-,$92.13,15.00%,,$105.95,rolls,Home Depot,Miscelaneous,,Huber 12 in. x 50 ft. ZIP System Linered Flashing Tape,
,,,"3""x20' ZIP Stretch Tape",-,$32.48,15.00%,,$37.35,rolls,Home Depot,Miscelaneous,,Huber 3 in. x 20 ft. ZIP System Linered Stretch Flashing Tape,
,,,"6""x20' ZIP Stretch Tape",-,$56.63,15.00%,,$65.12,rolls,Home Depot,Miscelaneous,,Huber 6 in. x 20 ft. ZIP System Linered Stretch Tape,
,,,"6""x75' ZIP Stretch Tape",-,$129.00,28.00%,,$165.12,rolls,Gillies & Prittie Warehouse,Miscelaneous,,,
,,,"10""x20' ZIP Stretch Tape",-,$108.00,15.00%,,$124.20,rolls,Home Depot,Miscelaneous,,Huber 10 in. x 20 ft. ZIP System Linered Stretch Tape,
,,,"10""x75' ZIP Stretch Tape",-,$220.00,15.00%,,$253.00,rolls,Home Depot,Miscelaneous,,Huber 10 in. x 75 ft. ZIP System Linered Stretch Flashing Tape,
,,,"18""x50' Aquaflash Aqua Flash 500",-,$67.99,15.00%,,$78.19,rolls,WhiteCap,Weather Barrier,,https://www.whitecap.com/brands/aquaflash/catalog/Waterproofing-en/Building-Paper-Flashing-and-House-Wrap-en/Flashing-en,
,,Adhesive,28oz-ea Construction Adhesive,1tub,$12.48,15.00%,,$14.35,tubs,Home Depot,Miscelaneous,,Loctite PL Premium 28 oz. Polyurethane Construction Adhesive Tan Cartridge (each),
,,,28oz-2s Construction Adhesive,2tubs,$24.96,15.00%,,$28.70,tubs,Home Depot,Miscelaneous,,Loctite PL Premium 28 oz. Polyurethane Construction Adhesive (2-Pack),
,,,28oz-12s Construction Adhesive,12tubs,$159.76,15.00%,,$183.72,tubs,Home Depot,Miscelaneous,,Loctite PL Premium 28 oz. Polyurethane Construction Adhesive Tan Cartridge (12 pack),
,,Epoxy,8.5oz-ea Epoxy Anchor,1tub,$28.46,30.00%,,$37.00,tubs,Fastener Plus,Miscelaneous,,"Strong-Tie SET-3G10 - 8.5 Oz. Epoxy Anchor w/Nozzle, Pkg 1 – Fasteners Plus",6/2/2025
,,,22oz-ea Epoxy Anchor,1tub,$55.63,30.00%,,$72.32,tubs,Fastener Plus,Miscelaneous,,"Strong-Tie SET-3G22-N - 22 Oz. Epoxy Anchor w/ Nozzle, Pkg 1",6/2/2025
,,Silicone,10.1oz-ea Clear caulk silicone,1tub,$8.98,15.00%,,$10.33,tubs,Home Depot,Miscelaneous,,GE All Purpose Silicone 1 Caulk 10.1 oz Window and Door Sealant Clear 2795576 - The Home Depot,
,,,10.1oz-12s Clear caulk silicone,12tubs,$107.76,15.00%,,$123.92,tubs,Home Depot,Miscelaneous,,GE All Purpose Silicone 1 Caulk 10.1 oz Window and Door Sealant Clear (12-pack),
,,Staples,"3/8x3/8"" Collated Staples","2,016",$57.11,15.00%,,$65.68,tubs,Lowes,Miscelaneous,,Tyvek 3/8-in Leg x 3/8-in Narrow Crown Blue 21-Gauge Collated Cap Staples (2016-Per Box),
,,Shim,Shim singles 10/10 Utility,-,$32.99,10.00%,,$36.29,packs,Anderson Lumber,Miscelaneous,,Nelson Wood Shims 16 In. Cedar D-Grade 10/10 Utility Shingles (60 to 90-Count),
 ,HARDWARE,Nails,12D-3-1/4x.120-2.5M Bright Common Coil,2.5K,$51.20,15.00%,,$58.88,boxes,Concord,Nails,,,
,,,8D-2-3/8x.113-2.7M Bright Ring Coil,2.7K,$48.49,15.00%,,$55.76,boxes,Concord,Nails,,,
,,,"12D-3-1/4"" Galvanized Common Coil",2.5K,$81.40,15.00%,,$93.61,boxes,Concord,Nails,,,
,,,"8D-2-3/8"" Galvanized Ring Coil",2.7K,$71.39,15.00%,,$82.10,boxes,Concord,Nails,,,
,,,"1.5x0.131""-1k Galvanized Hanger Nail",1k,$69.99,15.00%,,$80.49,boxes,Concord,Nails,Standar Hanger Nails,"1.5"" x .131 Bostitch PT (paper tape) MCN (metal conector nail) NAIL GAL STRAPSHOT 1M",
,,,"2""-100s Drive Pins with Washers (F+)",100u,$17.20,30.00%,,$22.36,boxes,Fastener Plus,Drive Pins,,"Simpson PDPAWL-200MG 2"" Drive Pins W/1"" Washers - Galvanized, Pkg 100",6/2/2025
,,,"2-1/2""-100s Drive Pins with Washers (F+)",100u,$18.08,30.00%,,$23.50,boxes,Fastener Plus,Drive Pins,,"Simpson PDPAWL-250MG 2-1/2"" Drive Pins W/1"" Washers - Galvanized, Pkg 100",6/2/2025
,,,"2-7/8""-100s Drive Pins with Washers (F+)",100u,$19.34,30.00%,,$25.14,boxes,Fastener Plus,Drive Pins,,"Simpson PDPAWL-287MG 2-7/8"" Drive Pins W/1"" Washers - Galvanized, Pkg 100",6/2/2025
,,,"2-1/2""-100s Drive Pins with Washers (HD)",100u,$24.78,15.00%,,$28.50,boxes,Home Depot,Drive Pins,,"RAMSET 2-1/2"" Drive Pins with Washers (100-Pack)",
,,,"3""-100s Drive Pins with Washers (HD)",100u,$26.48,15.00%,,$30.45,boxes,Home Depot,Drive Pins,Most common nail lenght,RAMSET 3 in. Drive Pins with Washers (100-Pack),
,,,"Hilti_X-U_1-1/4"" Galvanized",100,$88.25,15.00%,,$101.49,boxes,Home Depot,Drive Pins,,Hilti X-U 32 P8 1-1/4 in. Galvanized Universal Nail for Steel and Concrete Using Powder-Actuated Nails (100-Pack) 2141087 - The Home Depot,4/2/2025
,,,"Hilti_X-U_2-7/8"""" Galvanized",100,$158.00,15.00%,,$181.70,boxes,Home Depot,Drive Pins,,Hilti X-U 72 P8 2-7/8 in. Galvanized Universal Nail for Steel and Concrete Using Powder-Actuated Tools (100-Pack) 2141184 - The Home Depot,4/2/2025
,,,"1-1/2"" 1lb Roofing Nails",174u,$5.78,15.00%,,$6.65,boxes,Home Depot,Nails,"For windows and exterior doors install, use 2"" or 2.5"" only",Grip-Rite #11 x 1-1/2 in. Electro-Galvanized Steel Roofing Nails (1 lb.-Pack),
,,,"1-1/2"" 5lb Roofing Nails",867u,$18.87,15.00%,,$21.70,boxes,Home Depot,Nails,,Grip-Rite #11 x 1-1/2 in. Electro-Galvanized Steel Roofing Nails (5 lb.-Pack),
,,,"1-1/2"" 30lb Roofing Nails",5210u,$55.62,15.00%,,$63.96,boxes,Home Depot,Nails,,Grip-Rite #11 x 1-1/2 in. Electro-Galvanized Steel Roofing Nails (30 lb.-Pack),
,,,"1-1/2"" 50lb Roofing Nails",8700u,$58.48,15.00%,,$67.25,boxes,Home Depot,Nails,,Grip-Rite #11 x 1-1/2 in. Electro-Galvanized Steel Roofing Nails (50 lb.-Pack),
,,,"2"" 1lb Roofing Nails",127u,$5.78,15.00%,,$6.65,boxes,Home Depot,Nails,,Grip-Rite #11 x 2 in. Electro-Galvanized Steel Roofing Nails (1 lb.-Pack),
,,,"2"" 5lb Roofing Nails",636u,$18.87,15.00%,,$21.70,boxes,Home Depot,Nails,,Grip-Rite #11 x 2 in. Electro-Galvanized Steel Roofing Nails (5 lb.-Pack),
,,,"2-1/2"" Roofing Nails",523u,$18.87,15.00%,,$21.70,boxes,Home Depot,Nails,,Grip-Rite #11 x 2-1/2 in. Electro-Galvanized Steel Roofing Nails (5 lb.-Pack),
,,Screws,"1/4x2-1/2""-25u Coating Screw Connector",25u,$9.76,30.00%,,$12.69,boxes,Fastener Plus,Screws,,"1/4"" x 2-1/2"" Strong-Tie SDS25212-R25 Heavy-Duty Connector Screw - Double-Barrier Coating, Pkg 25",6/2/2025
,,,"1/4x3-1/2""-125u Coating Screw Connector",125u,$59.46,30.00%,,$77.30,boxes,Fastener Plus,Screws,,"1/4"" x 3-1/2"" Strong-Tie SDS25312MB Heavy-Duty Connector Screw - Double-Barrier Coating, Pkg 125",6/2/2025
,,,"1/4x4-1/2""-10u Coating Screw Connector",10u,$9.20,30.00%,,$11.96,boxes,Fastener Plus,Screws,,"1/4"" x 4-1/2"" Strong-Tie SDS25412-R10 Heavy-Duty Connector Screw - Double-Barrier Coating, Pkg 10",6/2/2025
,,,"1/4x5""-100u Coating Screw Connector",100u,$88.61,30.00%,,$115.19,boxes,Fastener Plus,Screws,,"1/4"" x 5"" Strong-Tie SDS25500MB Heavy-Duty Connector Screw - Double-Barrier Coating, Pkg 100",6/2/2025
,,,"1/4""x6""-100u Coating Screw Connector",100u,$108.89,30.00%,,$141.56,pcs,Fastener Plus,Screws,,"1/4"" x 6"" Strong-Tie SDS25600MB Heavy-Duty Connector Screw - Double-Barrier Coating, Pkg 100",6/2/2025
,,,"1/2x8""-20u Galvanized Titen HD Screw Anchor",20u,$181.90,30.00%,,$236.47,boxes,Fastener Plus,Screws,,"1/2"" x 8"" Strong-Tie THD50800HMG Titen HD Screw Anchor, Galvanized, Pkg 20",6/2/2025
,,,"#9x2-1/2""-100u Galvanized Screws",100u,$17.79,30.00%,,$23.13,boxes,Fastener Plus,Screws,,"#9 x 2-1/2"" Strong-Tie SD9212R100-R Connector Screw - Class 55 Galvanized, Pkg 100",6/2/2025
,,,"#9x1-1/2""-500u Galvanized Screws",500u,$53.46,30.00%,,$69.50,boxes,Fastener Plus,Screws,,"#9 x 1-1/2"" Strong-Tie SD9112R500 Connector Screw - Class 55 Galvanized, Pkg 500",6/2/2025
,,,"2"" 50lf Cortex Screws and plugs",50lf,$28.47,15.00%,,$32.74,boxes,Home Depot,Screws,,Fasten Master Collated Cortex Hidden Fastening System for AZEK Trim – 2 inch Cortex screws and plugs – Traditional (50 LF),
,,,"2-3/4"" 50lf Cortex Screws and plugs",50lf,$33.80,15.00%,,$38.87,boxes,Home Depot,Screws,,Fasten Master Collated Cortex Hidden Fastening System for Veranda Trim – 2-3/4 inch Cortex screws and plugs – Smooth (50 LF),
,,,"4-1/4""Screw LedgerLOK Structural Ledger Board Screw (50 Pack)",50pcs,$42.50,15.00%,,$48.88,boxes,Home Depot,Screws,,https://www.homedepot.com/p/FastenMaster-HeadLOK-Structural-Wood-Screws-4-1-4-inch-flat-head-wood-screws-Black-50-Pack-FMHLGM412-50/202268258,
,,,"5""Screw LedgerLOK Structural Ledger Board Screw (50 Pack)",50pcs,$48.97,15.00%,,$56.32,boxes,Home Depot,Screws,,https://www.homedepot.com/p/FastenMaster-LedgerLOK-Structural-Ledger-Board-Screws-5-inch-wood-screws-with-hex-head-Gray-50-Pack-FMLL005-50/202268256,
,,,"6""Screw LedgerLOK Structural Ledger Board Screw (50 Pack)",50pcs,$41.97,15.00%,,$48.27,boxes,Home Depot,Screws,,https://www.homedepot.com/p/FastenMaster-TimberLOK-Structural-Wood-Screws-6-inch-wood-screws-with-hex-head-Black-50-Pack-FMTLOK06-50/202268250,
,,,"0.152""x6""-50u Screw_OrangeZinc",50pcs,$43.68,30.00%,,$56.78,boxes,Fastener Plus,Screws,,"0.152"" x 6"" Strong-Tie SDWC15600-KT Truss Plate Structural Screw - Orange Zinc, Pkg 50",6/2/2025
,,,"1-3/4"" Subfloor Screws Yellow Zinc","2,000",$299.00,30.00%,,$388.70,boxes,Fastener Plus,Nails,,"#9 x 1-3/4"" Quik Drive WSV Subfloor Screw, Yellow Zinc, Pkg 2000 – Fasteners Plus",6/2/2025
,,Holdowns,HDU2-SDS2.5 Galvanized,-,$47.70,30.00%,,$62.01,pcs,Fastener Plus,Fasteners,,"Simpson HDU2-SDS2.5HDG 8-11/16"" Predeflected Holdown w/Screws - Hot Dip Galvanized",6/2/2025
,,,HDU2-SDS2.5 Metal,-,$28.59,30.00%,,$37.17,pcs,Fastener Plus,Fasteners,,"Simpson HDU2-SDS2.5 8-11/16"" Predeflected Holdown w/Screws – Fasteners Plus",6/2/2025
,,,HDU4-SDS2.5 Galvanized,-,$53.66,30.00%,,$69.76,pcs,Fastener Plus,Fasteners,,"Simpson HDU4-SDS2.5HDG 10-15/16"" Predeflected Holdown w/Screws - Hot Dip Galvanized",6/2/2025
,,,HDU4-SDS2.5 Metal,-,$35.28,30.00%,,$45.86,pcs,Fastener Plus,Fasteners,,"Simpson HDU4-SDS2.5 10-15/16"" Predeflected Holdown w/Screws – Fasteners Plus",6/2/2025
,,,HDU5-SDS2.5 Galvanized,-,$65.11,30.00%,,$84.64,pcs,Fastener Plus,Fasteners,,"Simpson HDU5-SDS2.5HDG 13-3/16"" Predeflected Holdown w/Screws - Hot Dip Galvanized",6/2/2025
,,,HDU5-SDS2.5 Metal,-,$40.12,30.00%,,$52.16,pcs,Fastener Plus,Fasteners,,"Simpson HDU5-SDS2.5 13-3/16"" Predeflected Holdown w/Screws – Fasteners Plus",6/2/2025
,,,HDU8-SDS2.5 Galvanized,-,$98.60,30.00%,,$128.18,pcs,Fastener Plus,Fasteners,,"Simpson HDU8-SDS2.5HDG 16-5/8"" Predeflected Holdown w/Screws - Hot Dip Galvanized",6/2/2025
,,,HDU8-SDS2.5 Metal,-,$54.20,30.00%,,$70.46,pcs,Fastener Plus,Fasteners,,"Simpson HDU8-SDS2.5 16-5/8"" Predeflected Holdown w/Screws – Fasteners Plus",6/2/2025
,,,HDU11-SDS2.5 Galvanized,-,$124.27,30.00%,,$161.55,pcs,Fastener Plus,Fasteners,,"Simpson HDU11-SDS2.5HDG 22-1/4"" Predeflected Holdown w/Screws - Hot Dip Galvanized",6/2/2025
,,,HDU11-SDS2.5 Metal,-,$69.59,30.00%,,$90.47,pcs,Fastener Plus,Fasteners,,"Simpson HDU11-SDS2.5 22-1/4"" Predeflected Holdown w/Screws – Fasteners Plus",6/2/2025
,,,HDU14-SDS2.5 Galvanized,-,$149.86,30.00%,,$194.82,pcs,Fastener Plus,Fasteners,,"Simpson HDU14-SDS2.5HDG 25-11/16"" Predeflected Holdown w/Screws - Hot Dip Galvanized",6/2/2025
,,,HDU14-SDS2.5 Metal,-,$93.18,30.00%,,$121.13,pcs,Fastener Plus,Fasteners,,"Simpson HDU14-SDS2.5 25-11/16"" Predeflected Holdown w/Screws – Fasteners Plus",6/2/2025
,,Roof Truss Clip,STC_Clip 18 Gauge,-,$0.72,30.00%,,$0.94,pcs,Fastener Plus,Fasteners,,Simpson STC Roof Truss 18 Gauge Clips,6/2/2025
,,,HTC4 18 Gauge,-,$6.52,30.00%,,$8.48,pcs,Fastener Plus,Fasteners,,Simpson HTC4 Heavy Truss 18 Gauge Clip,6/2/2025
,,,DTC 18 Gauge,-,$1.85,30.00%,,$2.41,pcs,Fastener Plus,Fasteners,,Simpson DTC Roof Truss 18 Gauge Clips – Fasteners Plus,6/2/2025
,,Angles,A21 Galvanized,-,$0.90,30.00%,,$1.17,pcs,Fastener Plus,Fasteners,,"Simpson A21 2"" x 1-1/2"" Angle - G90 Galvanized",7/29/2025
,,,A34 Galvanized,-,$0.59,30.00%,,$0.77,pcs,Fastener Plus,Fasteners,,"Simpson A34 1-7/16"" x 2-1/2"" Framing Angle Anchor - G90 Galvanized",6/2/2025
,,,A35 Angle Galvanized (F+),-,$0.61,30.00%,,$0.79,pcs,Fastener Plus,Fasteners,,"Simpson A35 1-7/16"" x 4-1/2"" Framing Angle Anchor - G90 Galvanized",6/2/2025
,,,A35 Angle Galvanized (HD),-,$0.88,15.00%,,$1.01,pcs,Home Depot,Fasteners,,Simpson Strong-Tie 1-7/16 in. x 4-1/2 in. Galvanized Framing Angle,
,,,"GA2_3-1/4"" Angle Gusset",-,$1.23,30.00%,,$1.60,pcs,Fastener Plus,Fasteners,,"Simpson GA2 3-1/4"" Gusset Angle, Pkg 1",6/2/2025
,,,"GA2_2-3/4"" Angle Gusset",-,$0.97,30.00%,,$1.26,pcs,Fastener Plus,Fasteners,,"Simpson GA1 2-3/4"" Gusset Angle, Pkg 1",6/2/2025
,,,L30 Angle Galvanized (F+),-,$1.26,30.00%,,$1.64,pcs,Fastener Plus,Fasteners,,"Simpson L30 3"" Reinforcing Angle - G90 Galvanized – Fasteners Plus",6/2/2025
,,,L30 Angle Galvanized (HD),-,$1.42,15.00%,,$1.63,pcs,Home Depot,Fasteners,,Simpson Strong-Tie 3 in. 16-Gauge Galvanized Reinforcing L Angle,
,,,L50 Angle Galvanized,-,$2.38,15.00%,,$2.74,pcs,Home Depot,Fasteners,,Simpson Strong-Tie 5 in. 16-Gauge Galvanized Reinforcing L Angle,
,,,L70 Angle Galvanized (F+),-,$3.24,15.00%,,$3.73,pcs,Home Depot,Fasteners,,Simpson Strong-Tie 7 in. 16-Gauge Galvanized Reinforcing L Angle,
,,,L70 Angle Galvanized (HD),-,$3.28,30.00%,,$4.26,pcs,Fastener Plus,Fasteners,,"Simpson L70 7"" Reinforcing Angle - G90 Galvanized",6/2/2025
,,,L90 Angle Galvanized,-,$4.88,15.00%,,$5.61,pcs,Home Depot,Fasteners,,Simpson Strong-Tie 9 in. 16-Gauge Galvanized Reinforcing L Angle,
,,,L50Z Angle Zmax,-,$2.79,30.00%,,$3.63,pcs,Fastener Plus,Fasteners,,"Simpson L50Z 5"" Reinforcing Angle - Zmax Finish – Fasteners Plus",6/2/2025
,,,L70Z Angle Zmax,-,$3.70,30.00%,,$4.81,pcs,Fastener Plus,Fasteners,,"Simpson L70Z 7"" Reinforcing Angle - Zmax Finish",6/2/2025
,,,L90Z Angle Zmax,-,$5.25,30.00%,,$6.83,pcs,Fastener Plus,Fasteners,,"Simpson L90Z 9"" Reinforcing Angle - Zmax Finish",6/2/2025
,,Retrofit Bolts,"1/2X5"" Retrofit Bolt Galvanized",-,$4.19,30.00%,,$5.45,pcs,Fastener Plus,Fasteners,,"1/2"" x 5"" Hot-Dip Galvanized Retrofit Bolt",6/2/2025
,,,"1/2X6"" Retrofit Bolt Galvanized",-,$4.29,30.00%,,$5.58,pcs,Fastener Plus,Fasteners,,"1/2"" x 6"" Hot-Dip Galvanized Retrofit Bolt",6/2/2025
,,,"1/2X7"" Retrofit Bolt Galvanized",-,$4.49,30.00%,,$5.84,pcs,Fastener Plus,Fasteners,,"1/2"" x 7"" Hot-Dip Galvanized Retrofit Bolt",6/2/2025
,,,"1/2X8""-2s Retrofit Bolt Galvanized",2pcs,$10.84,30.00%,,$14.09,pairs,Fastener Plus,Fasteners,,"1/2"" x 8"" Hot-Dip Galvanized Retrofit Bolt, Pkg 2",6/2/2025
,,,"1/2X10"" Retrofit Bolt Galvanized",-,$6.81,30.00%,,$8.85,pcs,Fastener Plus,Fasteners,,"1/2"" x 10"" Hot-Dip Galvanized Retrofit Bolt",6/2/2025
,,,"5/8X5"" Retrofit Bolt Galvanized",-,$5.74,30.00%,,$7.46,pcs,Fastener Plus,Fasteners,,"5/8"" x 5"" Hot-Dip Galvanized Retrofit Bolt",6/2/2025
,,,"5/8X8""-2s Retrofit Bolt Galvanized",2pcs,$16.25,30.00%,,$21.13,pairs,Fastener Plus,Fasteners,,"5/8"" x 8"" Hot-Dip Galvanized Retrofit Bolt, Pkg 2",6/2/2025
,,,"5/8X10"" Retrofit Bolt Galvanized",-,$9.09,30.00%,,$11.82,pcs,Fastener Plus,Fasteners,,"5/8"" x 10"" Hot-Dip Galvanized Retrofit Bolt",6/2/2025
,,,"5/8X12""-2s Retrofit Bolt Galvanized",2pcs,$16.85,30.00%,,$21.91,pairs,Fastener Plus,Fasteners,,"5/8"" x 12"" Hot-Dip Galvanized Retrofit Bolt, Pkg 2",6/2/2025
,,,"5/8X16"" Retrofit Bolt Galvanized",-,$14.14,30.00%,,$18.38,pcs,Fastener Plus,Fasteners,,"5/8"" x 16"" Hot-Dip Galvanized Retrofit Bolt",6/2/2025
,,,"3/4X10-1/2"" Retrofit Bolt Galvanized",-,$18.11,30.00%,,$23.54,pcs,Fastener Plus,Fasteners,,"3/4"" x 10-1/2"" Hot-Dip Galvanized Retrofit Bolt",6/2/2025
,,Pre-assembled Bolts,"5/8""-11x14"" AnchorL-Bolt_Pre-AssemblyHDG",,$4.86,30.00%,,$6.32,pcs,Fastener Plus,Fasteners,,"5/8""-11 x 14"" L-Bolt Concrete Anchor Bolt - Hot Dip Galvanized",6/2/2025
,,,"1/2X12"" Anchor Bolt Pre-Assembly Galvanized",-,$25.47,30.00%,,$33.11,pcs,Fastener Plus,Fasteners,,"1/2"" x 12"" Hot Dip Galvanized Pre-Assembled Anchor Bolt",6/2/2025
,,,"1/2X18"" Anchor Bolt Pre-Assembly Galvanized",-,$27.31,30.00%,,$35.50,pcs,Fastener Plus,Fasteners,,"1/2"" x 18"" Hot Dip Galvanized Pre-Assembled Anchor Bolt",6/2/2025
,,,"1/2X24"" Anchor Bolt Pre-Assembly Galvanized",-,$28.23,30.00%,,$36.70,pcs,Fastener Plus,Fasteners,,"1/2"" x 24"" Hot Dip Galvanized Pre-Assembled Anchor Bolt",6/2/2025
,,,"5/8X12"" Anchor Bolt Pre-Assembly Galvanized",-,$30.16,30.00%,,$39.21,pcs,Fastener Plus,Fasteners,,"5/8"" x 12"" Hot Dip Galvanized Pre-Assembled Anchor Bolt",6/2/2025
,,,"5/8X18"" Anchor Bolt Pre-Assembly Galvanized",-,$32.28,30.00%,,$41.96,pcs,Fastener Plus,Fasteners,,"5/8"" x 18"" Hot Dip Galvanized Pre-Assembled Anchor Bolt",6/2/2025
,,,"5/8X24"" Anchor Bolt Pre-Assembly Galvanized",-,$35.31,30.00%,,$45.90,pcs,Fastener Plus,Fasteners,,"5/8"" x 24"" Hot Dip Galvanized Pre-Assembled Anchor Bolt",6/2/2025
,,,"5/8X30"" Anchor Bolt Pre-Assembly Galvanized",-,$38.35,30.00%,,$49.86,pcs,Fastener Plus,Fasteners,,"5/8"" x 30"" Hot Dip Galvanized Pre-Assembled Anchor Bolt",6/2/2025
,,,"5/8X36"" Anchor Bolt Pre-Assembly Galvanized",-,$41.36,30.00%,,$53.77,pcs,Fastener Plus,Fasteners,,"5/8"" x 36"" Hot Dip Galvanized Pre-Assembled Anchor Bolt",6/2/2025
,,,"3/4X12"" Anchor Bolt Pre-Assembly Galvanized",-,$36.59,30.00%,,$47.57,pcs,Fastener Plus,Fasteners,,"3/4"" x 12"" Hot Dip Galvanized Pre-Assembled Anchor Bolt",6/2/2025
,,,"3/4X18"" Anchor Bolt Pre-Assembly Galvanized",-,$39.84,30.00%,,$51.79,pcs,Fastener Plus,Fasteners,,"3/4"" x 18"" Hot Dip Galvanized Pre-Assembled Anchor Bolt",6/2/2025
,,,"3/4X24"" Anchor Bolt Pre-Assembly Galvanized",-,$44.37,30.00%,,$57.68,pcs,Fastener Plus,Fasteners,,"3/4"" x 24"" Hot Dip Galvanized Pre-Assembled Anchor Bolt",6/2/2025
,,,"3/4X30"" Anchor Bolt Pre-Assembly Galvanized",-,$50.20,30.00%,,$65.26,pcs,Fastener Plus,Fasteners,,"3/4"" x 30"" Hot Dip Galvanized Pre-Assembled Anchor Bolt",6/2/2025
,,,"3/4X36"" Anchor Bolt Pre-Assembly Galvanized",-,$53.97,30.00%,,$70.16,pcs,Fastener Plus,Fasteners,,"3/4"" x 36"" Hot Dip Galvanized Pre-Assembled Anchor Bolt",6/2/2025
,,Heavy Hex Bolt,"1/2X2"" Hex Galvanized A325",-,$0.88,30.00%,,$1.14,pcs,Fastener Plus,Fasteners,,"1/2""-13 x 2"" Conquest A325 Type 1 Heavy Hex Structural Bolt, Hot Dip Galvanized",6/2/2025
,,,"1/2X3"" Hex Galvanized A325",-,$1.47,30.00%,,$1.91,pcs,Fastener Plus,Fasteners,,"1/2""-13 x 3"" Conquest A325 Type 1 Heavy Hex Structural Bolt, Hot Dip Galvanized",6/2/2025
,,,"1/2X4"" Hex Galvanized A325",-,$1.86,30.00%,,$2.42,pcs,Fastener Plus,Fasteners,,"1/2""-13 x 4"" Conquest A325 Type 1 Heavy Hex Structural Bolt, Hot Dip Galvanized",6/2/2025
,,,"1/2X5"" Hex Galvanized A325",-,$2.31,30.00%,,$3.00,pcs,Fastener Plus,Fasteners,,"1/2""-13 x 5"" Conquest A325 Type 1 Heavy Hex Structural Bolt, Hot Dip Galvanized",6/2/2025
,,,"5/8X2"" Hex Galvanized A325",-,$1.23,30.00%,,$1.60,pcs,Fastener Plus,Fasteners,,"5/8""-11 x 2"" Conquest A325 Type 1 Heavy Hex Structural Bolt, Hot Dip Galvanized",6/2/2025
,,,"5/8X3"" Hex Galvanized A325",-,$1.98,30.00%,,$2.57,pcs,Fastener Plus,Fasteners,,"5/8""-11 x 3"" Conquest A325 Type 1 Heavy Hex Structural Bolt, Hot Dip Galvanized",6/2/2025
,,,"5/8X4"" Hex Galvanized A325",-,$2.66,30.00%,,$3.46,pcs,Fastener Plus,Fasteners,,"5/8""-11 x 4"" Conquest A325 Type 1 Heavy Hex Structural Bolt, Hot Dip Galvanized",6/2/2025
,,,"5/8X5"" Hex Galvanized A325",-,$3.19,30.00%,,$4.15,pcs,Fastener Plus,Fasteners,,"5/8""-11 x 5"" Conquest A325 Type 1 Heavy Hex Structural Bolt, Hot Dip Galvanized",6/2/2025
,,,"3/4X2"" Hex Galvanized A325",-,$1.81,30.00%,,$2.35,pcs,Fastener Plus,Fasteners,,"3/4""-10 x 2"" Conquest A325 Type 1 Heavy Hex Structural Bolt, Hot Dip Galvanized",6/2/2025
,,,"3/4X4"" Hex Galvanized A325",-,$3.98,30.00%,,$5.17,pcs,Fastener Plus,Fasteners,,"3/4""-10 x 4"" Conquest A325 Type 1 Heavy Hex Structural Bolt, Hot Dip Galvanized",6/2/2025
,,,"3/4X5"" Hex Galvanized A325",-,$4.73,30.00%,,$6.15,pcs,Fastener Plus,Fasteners,,"3/4""-10 x 5"" Conquest A325 Type 1 Heavy Hex Structural Bolt, Hot Dip Galvanized",6/2/2025
,,,"3/4X6"" Hex Galvanized A325",-,$5.49,30.00%,,$7.14,pcs,Fastener Plus,Fasteners,,"3/4""-10 x 6"" Conquest A325 Type 1 Heavy Hex Structural Bolt, Hot Dip Galvanized",6/2/2025
,,,"5/16""-9x4"" Hex Head Lag Bolt Galvanized",-,$0.72,30.00%,,$0.94,pcs,Fastener Plus,Lag Bolt,,"5/16""-9 x 4"" Conquest Hex Head Lag Bolt for Wood - Hot Dip Galvanized",
,,,"1/2""-6x4-1/2"" Hex Head Lag Bolt Galvanized",-,$1.50,30.00%,,$1.95,pcs,Fastener Plus,Lag Bolt,,"6 x 4-1/2"" Conquest Hex Head Lag Bolt for Wood - Hot Dip Galvanized – Fasteners Plus",6/2/2025
,,Clips,"5/8""-50s PSCL Clip",50pcs,$11.95,30.00%,,$15.54,packs,Fastener Plus,Fasteners,,"Simpson PSCL 5/8-R50 - 5/8"" Plywood Sheathing Clips, Pkg 50",6/2/2025
,,,"5/8""-250s PSCL Clip",250pcs,$30.44,30.00%,,$39.57,packs,Fastener Plus,Fasteners,,"Simpson PSCL 5/8 - 5/8"" Plywood Sheathing Clips, Pkg 250",6/2/2025
,,Hangers,"HGU5.5x-16"" Galvanized",-,$242.90,30.00%,,$315.77,pcs,Fastener Plus,Fasteners,,"Simpson HGU5.50X-SDS Heavy Girder Face Mount Hanger, Made to Order Non-Returnable",6/2/2025
,,,"HHGU5.5x-16"" Galvanized",-,$298.15,30.00%,,$387.60,pcs,Fastener Plus,Fasteners,,"HHGU5.50X-SDS 5-1/4"" Extra Heavy Girder Hanger, Made to Order Non-Returnable",6/2/2025
,,,HHUS5.50/10 Galvanized,-,$29.10,30.00%,,$37.83,pcs,Fastener Plus,Fasteners,,Simpson HHUS5.50/10 Face Mount I-Joist Hanger- G90 Galvanized,6/2/2025
,,,HTU210 Galvanized,,$10.43,30.00%,,$13.56,pcs,Fastener Plus,Hanger,,Simpson HTU210 2x10 Heavy Face Mount Truss Hanger - G90 Galvanized – Fasteners Plus,6/2/2025
,,,HU1.81/5 Galvanized,-,$15.24,30.00%,,$19.81,pcs,Fastener Plus,I-Joist Hanger,,Simpson HU1.81/5 Face Mount I-Joist Hanger- G90 Galvanized,6/2/2025
,,,HU210 Galvanized,-,$9.50,30.00%,,$12.35,pcs,Fastener Plus,Hanger,,Simpson HU210 2x10 Face Mount Joist Hanger - G90 Galvanized,6/2/2025
,,,HU210-2 Galvanized,-,$19.65,30.00%,,$25.55,pcs,Fastener Plus,Hanger,,Simpson HU210-2 Double 2x10 Face Mount Joist Hanger - G90 Galvanized,6/2/2025
,,,HU210-3 Galvanized,-,$36.40,30.00%,,$47.32,pcs,Fastener Plus,Hanger,,Simpson HU210-3 Triple 2x10 Face Mount Joist Hanger - G90 Galvanized,6/2/2025
,,,HU212 Galvanized,-,$11.55,30.00%,,$15.02,pcs,Fastener Plus,Hanger,,Simpson HU212 2x12 Face Mount Joist Hanger - G90 Galvanized,6/2/2025
,,,HU212-2 Galvanized,-,$24.82,30.00%,,$32.27,pcs,Fastener Plus,Hanger,,Simpson HU212-2 Double 2x12 Face Mount Joist Hanger - G90 Galvanized,6/2/2025
,,,HU212-3 Galvanized,-,$48.69,30.00%,,$63.30,pcs,Fastener Plus,Hanger,,Simpson HU212-3 Triple 2x12 Face Mount Joist Hanger - G90 Galvanized,6/2/2025
,,,HU214 Galvanized,-,$16.32,30.00%,,$21.22,pcs,Fastener Plus,Hanger,,Simpson HU214 2x14 Face Mount Joist Hanger - G90 Galvanized,6/2/2025
,,,HU214-2 Galvanized,-,$37.73,30.00%,,$49.05,pcs,Fastener Plus,Hanger,,Simpson HU214-2 Double 2x14 Face Mount Joist Hanger - G90 Galvanized,6/2/2025
,,,HU214-3 Galvanized,-,$60.06,30.00%,,$78.08,pcs,Fastener Plus,Hanger,,Simpson HU214-3 Triple 2x14 Face Mount Joist Hanger - G90 Galvanized,6/2/2025
,,,HU216 Galvanized,-,$28.85,30.00%,,$37.51,pcs,Fastener Plus,Hanger,,Simpson HU216 2x16 Face Mount Joist Hanger - G90 Galvanized,6/2/2025
,,,HU216-2 Galvanized,-,$48.14,30.00%,,$62.58,pcs,Fastener Plus,Hanger,,Simpson HU216-2 Double 2x16 Face Mount Joist Hanger - G90 Galvanized,6/2/2025
,,,HU216-3 Galvanized,-,$58.44,30.00%,,$75.97,pcs,Fastener Plus,Hanger,,Simpson HU216-3 Triple 2x16 Face Mount Joist Hanger - G90 Galvanized,6/2/2025
,,,HU26 Galvanized,-,$8.12,30.00%,,$10.56,pcs,Fastener Plus,Hanger,,Simpson HU26 2x6 Face Mount Joist Hanger - G90 Galvanized,6/2/2025
,,,HU26-2 Galvanized,-,$16.81,30.00%,,$21.85,pcs,Fastener Plus,Hanger,,Simpson HU26-2 Double 2x6 Face Mount Joist Hanger - G90 Galvanized,6/2/2025
,,,HU26-3 Galvanized,-,$23.99,30.00%,,$31.19,pcs,Fastener Plus,Hanger,,Simpson HU26-3 Triple 2x6 Face Mount Joist Hanger - G90 Galvanized,6/2/2025
,,,HU28 Galvanized,-,$8.36,30.00%,,$10.87,pcs,Fastener Plus,Hanger,,Simpson HU28 2x8 Face Mount Joist Hanger - G90 Galvanized,6/2/2025
,,,HU28-2 Galvanized,-,$19.90,30.00%,,$25.87,pcs,Fastener Plus,Hanger,,Simpson HU28-2 Double 2x8 Face Mount Joist Hanger - G90 Galvanized,6/2/2025
,,,HU28-4 Galvanized,-,$39.94,30.00%,,$51.92,pcs,Fastener Plus,Hanger,,Simpson HU28-4 Quad 2x8 Face Mount Joist Hanger - G90 Galvanized,6/2/2025
,,,HUC210-2 Galvanized,-,$21.55,30.00%,,$28.02,pcs,Fastener Plus,Concealed Hanger,,Simpson HUC210-2 Double 2x10 Concealed Flange Heavy Face Mount Hanger - G90 Galvanized,6/2/2025
,,,HUC210-3 Galvanized,-,$35.96,30.00%,,$46.75,pcs,Fastener Plus,Concealed Hanger,,Simpson HUC210-3 Triple 2x10 Concealed Flange Heavy Face Mount Hanger - G90 Galvanized,6/2/2025
,,,HUC210-4 Galvanized,-,$42.15,30.00%,,$54.80,pcs,Fastener Plus,Concealed Hanger,,Simpson HUC210-4 Quadruple 2x10 Concealed Flange Heavy Face Mount Hanger - G90 Galvanized,6/2/2025
,,,HUC212-2 Galvanized,-,$25.72,30.00%,,$33.44,pcs,Fastener Plus,Concealed Hanger,,Simpson HUC212-2 Double 2x12 Concealed Flange Heavy Face Mount Hanger - G90 Galvanized,6/2/2025
,,,HUC212-3 Galvanized,-,$51.62,30.00%,,$67.11,pcs,Fastener Plus,Concealed Hanger,,Simpson HUC212-3 Triple 2x12 Concealed Flange Heavy Face Mount Hanger - G90 Galvanized,6/2/2025
,,,HUC26-2 Galvanized,-,$16.81,30.00%,,$21.85,pcs,Fastener Plus,Concealed Hanger,,Simpson HUC26-2 Double 2x6 Concealed Flange Heavy Face Mount Hanger - G90 Galvanized,6/2/2025
,,,HUC26-3 Galvanized,-,$23.74,30.00%,,$30.86,pcs,Fastener Plus,Concealed Hanger,,Simpson HUC26-3 Triple 2x6 Concealed Flange Heavy Face Mount Hanger - G90 Galvanized,6/2/2025
,,,HUC28-2 Galvanized,-,$19.19,30.00%,,$24.95,pcs,Fastener Plus,Concealed Hanger,,Simpson HUC28-2 Double 2x8 Concealed Flange Heavy Face Mount Hanger - G90 Galvanized,6/2/2025
,,,HUC28-4 Galvanized,-,$41.67,30.00%,,$54.17,pcs,Fastener Plus,Concealed Hanger,,Simpson HUC28-4 Quadruple 2x8 Concealed Flange Heavy Face Mount Hanger - G90 Galvanized,6/2/2025
,,,HUCQ1.81/11 Galvanized,-,$45.31,30.00%,,$58.90,pcs,Fastener Plus,I-Joist Hanger,,Simpson HUCQ1.81/11-SDS Heavy Face Mount I-Joist Hanger W/SDS Screws- G90 Galvanized,6/2/2025
,,,HUCQ412-SDS Galvanized,,$53.58,30.00%,,$69.65,pcs,Fastener Plus,Hanger,,Simpson HUCQ412-SDS 4x12 Concealed Flange Heavy hanger w/SDS Screws - G90 Galvanized,6/2/2025
,,,HUCQ612-SDS Galvanized,,$53.83,30.00%,,$69.98,pcs,Fastener Plus,Hanger,,Simpson HUCQ612-SDS 6x12 Concealed Flange Heavy hanger w/SDS Screws - G90 Galvanized,6/2/2025
,,,HUCQ612Z-SDS Galvanized,,$89.22,30.00%,,$115.99,pcs,Fastener Plus,Hanger,,Simpson HUCQ612Z-SDSG 6x12 Concealed Flange Heavy hanger w/SDS Screws - Zmax Finish,6/2/2025
,,,HUC44 Galvanized,,$9.32,30.00%,,$12.12,pcs,Fastener Plus,Hanger,,Simpson HUC44 4x4 Concealed Flange Heavy Face Mount Hanger - G90 Galvanized,6/2/2025
,,,HU9 Galvanized,,$17.35,30.00%,,$22.56,pcs,Fastener Plus,Hanger,,Simpson HU9 Face Mount I-Joist Hanger- G90 Galvanized – Fasteners Plus,6/2/2025
,,,HUS1.81/10 Galvanized,-,$12.58,30.00%,,$16.35,pcs,Fastener Plus,Hanger,,Simpson HUS18110 Face Mount IJoist Hanger G90 Galvanized,6/2/2025
,,,HUS210 Galvanized,-,$7.25,30.00%,,$9.43,pcs,Fastener Plus,Hanger,,Simpson HUS210 2x10 Face Mount Hanger - G90 Galvanized,6/2/2025
,,,HUS212-2 Galvanized,-,$16.81,30.00%,,$21.85,pcs,Fastener Plus,Hanger,,Simpson HUS212-2 Double 2x12 Face Mount Hanger - G90 Galvanized,6/2/2025
,,,HUS26 Galvanized,-,$3.77,30.00%,,$4.90,pcs,Fastener Plus,Hanger,,Simpson HUS26 2x6 Face Mount Hanger - G90 Galvanized,6/2/2025
,,,HUS26-2 Galvanized,-,$10.43,30.00%,,$13.56,pcs,Fastener Plus,Hanger,,Simpson HUS26-2 Double 2x6 Face Mount Hanger - G90 Galvanized,6/2/2025
,,,HUS28 Galvanized,-,$5.28,30.00%,,$6.86,pcs,Fastener Plus,Hanger,,Simpson HUS28 2x8 Face Mount Hanger - G90 Galvanized,6/2/2025
,,,HUS28-2 Galvanized,-,$10.11,30.00%,,$13.14,pcs,Fastener Plus,Hanger,,Simpson HUS28-2 Double 2x8 Face Mount Hanger - G90 Galvanized,6/2/2025
,,,HUS412 Galvanized,-,$13.17,30.00%,,$17.12,pcs,Fastener Plus,Hanger,Not Zmax pieces are discontinued / Adjustable Rafter Hanger,Simpson HUS412 4x12 Face Mount Hanger - G90 Galvanized,6/2/2025
,,,LRU26Z Zmax,-,$5.76,30.00%,,$7.49,pcs,Fastener Plus,Slopeable hanger,,Simpson LRU26Z Light Rafter U Hanger - Slopeable 2x6 - Zmax Finish,6/2/2025
,,,LRU28Z Zmax,-,$9.08,30.00%,,$11.80,pcs,Fastener Plus,Slopeable hanger,,Simpson LRU28Z Light Rafter U Hanger - Slopeable 2x8 - Zmax Finish – Fasteners Plus,6/2/2025
,,,LRU210Z Zmax,-,$9.44,30.00%,,$12.27,pcs,Fastener Plus,Slopeable hanger,,Simpson LRU210Z Light Rafter U Hanger - Slopeable 2x10 - Zmax Finish,6/2/2025
,,,LRU212Z Zmax,-,$13.06,30.00%,,$16.98,pcs,Fastener Plus,Slopeable hanger,,Simpson LRU212Z Light Rafter U Hanger - Slopeable 2x12 - Zmax Finish – Fasteners Plus,6/2/2025
,,,LSCZ Galvanized,-,$2.89,30.00%,,$3.76,pcs,Fastener Plus,Slopeable hanger,,Simpson LSCZ Adjustable Stair-Stringer Connector- Zmax Finish – Fasteners Plus,6/2/2025
,,,LSSJ210LZ Zmax,-,$16.85,30.00%,,$21.91,pcs,Fastener Plus,Slopeable left hanger,,Simpson LSSJ210LZ Left Side Field Adjustable Jack Hanger -Zmax Finish,6/2/2025
,,,LSSJ210RZ Zmax,-,$16.85,30.00%,,$21.91,pcs,Fastener Plus,Slopeable right hanger,,Simpson LSSJ210RZ Right Side Field Adjustable Jack Hanger -Zmax Finish,6/2/2025
,,,LSSJ26LZ Zmax,-,$7.70,30.00%,,$10.01,pcs,Fastener Plus,Slopeable left hanger,,Simpson LSSJ26LZ Left Side Field Adjustable Jack Hanger -Zmax Finish,6/2/2025
,,,LSSJ26RZ Zmax,-,$7.70,30.00%,,$10.01,pcs,Fastener Plus,Slopeable right hanger,,Simpson LSSJ26RZ Right Side Field Adjustable Jack Hanger -Zmax Finish,6/2/2025
,,,LSSJ28LZ Zmax,-,$16.44,30.00%,,$21.37,pcs,Fastener Plus,Slopeable left hanger,,Simpson LSSJ28LZ Left Side Field Adjustable Jack Hanger -Zmax Finish,6/2/2025
,,,LSSJ28RZ Zmax,-,$16.44,30.00%,,$21.37,pcs,Fastener Plus,Slopeable right hanger,,Simpson LSSJ28RZ Right Side Field Adjustable Jack Hanger -Zmax Finish,6/2/2025
,,,LSSR1.81Z Zmax,-,$18.25,30.00%,,$23.73,pcs,Fastener Plus,Slopeable/Skewable Hanger,,Simpson LSSR1.81Z Field Adjustable Rafter Hanger - Zmax Finish,9/3/2025
,,,LSSR2.1Z Zmax,-,$19.09,30.00%,,$24.82,pcs,Fastener Plus,Slopeable/Skewable Hanger,,Simpson LSSR2.1Z Field Adjustable Rafter Hanger - Zmax Finish,6/2/2025
,,,LSSR2.3Z Zmax,-,$18.47,30.00%,,$24.01,pcs,Fastener Plus,Slopeable/Skewable Hanger,,Simpson LSSR2.37Z Field Adjustable Rafter Hanger - Zmax Finish,6/2/2025
,,,LSSR2.56Z Zmax,-,$22.14,30.00%,,$28.78,pcs,Fastener Plus,Slopeable/Skewable Hanger,,Simpson LSSR2.56Z Field Adjustable Rafter Hanger - Zmax Finish,6/2/2025
,,,LSSR210-2Z Zmax,-,$24.54,30.00%,,$31.90,pcs,Fastener Plus,Slopeable/Skewable Hanger,,Simpson LSSR210-2Z Double 2x10 Field Adjustable Rafter Hanger - Zmax Finish,6/2/2025
,,,LSSR210Z Zmax,-,$18.41,30.00%,,$23.93,pcs,Fastener Plus,Slopeable/Skewable Hanger,,Simpson LSSR210Z Field Adjustable Rafter Hanger- ZMAX Finish,6/2/2025
,,,LSSR26Z Zmax,-,$11.06,30.00%,,$14.38,pcs,Fastener Plus,Slopeable/Skewable Hanger,,Simpson LSSR26Z Field Adjustable Rafter Hanger- ZMAX Finish,6/2/2025
,,,LSSR28Z Zmax,-,$17.77,30.00%,,$23.10,pcs,Fastener Plus,Slopeable/Skewable Hanger,,Simpson LSSR28Z Field Adjustable Rafter Hanger- ZMAX Finish,6/2/2025
,,,LSSR410Z Zmax,-,$26.69,30.00%,,$34.70,pcs,Fastener Plus,Slopeable/Skewable Hanger,Face Mount Hanger,Simpson LSSR410Z 4x10 Field Adjustable Rafter Hanger - Zmax Finish,6/2/2025
,,,LU210 Galvanized,-,$1.48,30.00%,,$1.92,pcs,Fastener Plus,Hanger,,"Simpson LU210 2x10 Face Mount Joist Hanger, G90 Galvanized – Fasteners Plus",6/2/2025
,,,LU26 Galvanized,-,$1.32,30.00%,,$1.72,pcs,Fastener Plus,Hanger,,Simpson LUS26 2x6 Face Mount Hanger - G90 Galvanized,6/2/2025
,,,LU26-I Galvanized,-,$0.99,30.00%,,$1.29,pcs,Fastener Plus,Hanger,,"Simpson LU26 2x6 Face Mount Joist Hanger, G90 Galvanized – Fasteners Plus",6/2/2025
,,,LU28 Galvanized,-,$1.30,30.00%,,$1.69,pcs,Fastener Plus,Hanger,,"Simpson LU28 2x8 Face Mount Joist Hanger, G90 Galvanized",6/2/2025
,,,LUS24 Galvanized,,$0.98,30.00%,,$1.27,pcs,Fastener Plus,Hanger,,Simpson LUS24 2x4 Face Mount Hanger - G90 Galvanized – Fasteners Plus,6/2/2025
,,,LUS210 Galvanized,-,$1.93,30.00%,,$2.51,pcs,Fastener Plus,Hanger,,Simpson LUS210 2x10 Face Mount Hanger - G90 Galvanized,6/2/2025
,,,LUS210-2 Galvanized,-,$3.06,30.00%,,$3.98,pcs,Fastener Plus,Hanger,,Simpson LUS210-2 Double 2x10 Face Mount Hanger - G90 Galvanized,6/2/2025
,,,LUS210-3 Galvanized,-,$6.87,30.00%,,$8.93,pcs,Fastener Plus,Hanger,,Simpson LUS210-3 Triple 2x10 Face Mount Hanger - G90 Galvanized,6/2/2025
,,,LUS26 Galvanized,-,$1.32,30.00%,,$1.72,pcs,Fastener Plus,Hanger,,Simpson LUS26 2x6 Face Mount Hanger - G90 Galvanized,6/2/2025
,,,LUS26-3 Galvanized,-,$6.18,30.00%,,$8.03,pcs,Fastener Plus,Hanger,,Simpson LUS26-3 Triple 2x6 Face Mount Hanger - G90 Galvanized,6/2/2025
,,,LUS28 Galvanized,-,$1.73,30.00%,,$2.25,pcs,Fastener Plus,Hanger,,Simpson LUS28 2x8 Face Mount Hanger - G90 Galvanized,6/2/2025
,,,LUS28-2 Galvanized,-,$2.77,30.00%,,$3.60,pcs,Fastener Plus,Hanger,,Simpson LUS28-2 Double 2x8 Face Mount Hanger - G90 Galvanized,6/2/2025
,,,LUS28-3 Galvanized,-,$6.87,30.00%,,$8.93,pcs,Fastener Plus,Hanger,,Simpson LUS28-3 Triple 2x8 Face Mount Hanger - G90 Galvanized – Fasteners Plus,6/2/2025
,,,LUS28-3Z Zmax,-,$7.99,30.00%,,$10.39,pcs,Fastener Plus,Hanger,,Simpson LUS28-3Z Triple 2x8 Face Mount Hanger - Zmax Finish – Fasteners Plus,6/2/2025
,,,MIU3.56/11 Galvanized,,$19.53,30.00%,,$25.39,pcs,Fastener Plus,Hanger,,Simpson MIU3.56/11 Face Mount I-Joist Hanger - G90 Galvanized,6/2/2025
,,,THA213 Galvanized,-,$6.74,30.00%,,$8.76,pcs,Fastener Plus,Hanger,Adjustable truss hanger,Simpson THA213 2x13 Adjustable Truss Hanger - G90 Galvanized,6/2/2025
,,,THA218 Galvanized,-,$8.19,30.00%,,$10.65,pcs,Fastener Plus,Hanger,Adjustable I-Joist Hanger,Simpson THA218 2x18 Adjustable Truss Hanger - G90 Galvanized,6/2/2025
,,,THA218-2 Galvanized,-,$11.61,30.00%,,$15.09,pcs,Fastener Plus,Hanger,,Simpson THA218-2 2x18 DBL Adjustable Truss Hanger - G90 Galvanized,6/2/2025
,,,THA222-2 Galvanized,-,$13.00,30.00%,,$16.90,pcs,Fastener Plus,Hanger,,Simpson THA222-2 Double 2x22 Adjustable Truss Hanger - G90 Galvanized,6/2/2025
,,,THA413 Galvanized,-,$6.52,30.00%,,$8.48,pcs,Fastener Plus,Hanger,,Simpson THA413 4x13 Adjustable Truss Hanger - G90 Galvanized,6/2/2025
,,,THA418 Galvanized,-,$8.82,30.00%,,$11.47,pcs,Fastener Plus,Hanger,,Simpson THA418 4x18 Adjustable Truss Hanger - G90 Galvanized,6/2/2025
,,,THA422 Galvanized,-,$6.74,30.00%,,$8.76,pcs,Fastener Plus,Hanger,,Simpson THA422 4x22 Adjustable Truss Hanger - G90 Galvanized,6/2/2025
,,,THA422-2 Galvanized,-,$47.21,30.00%,,$61.37,pcs,Fastener Plus,Hanger,,Simpson THA422-2 Double 4x22 Adjustable Truss Hanger - G90 Galvanized,6/2/2025
,,,THA426 Galvanized,-,$19.93,30.00%,,$25.91,pcs,Fastener Plus,Hanger,,Simpson THA426 4x26 Adjustable Truss Hanger - G90 Galvanized,6/2/2025
,,,THA426-2 Galvanized,-,$66.99,30.00%,,$87.09,pcs,Fastener Plus,Hanger,Adjustable Truss Hanger,Simpson THA426-2 Double 4x26 Adjustable Truss Hanger - G90 Galvanized,6/2/2025
,,,THAI1.81/22 Galvanized,-,$18.82,30.00%,,$24.47,pcs,Fastener Plus,Hanger,,Simpson THAI1.81/22 Adjustable I-Joist Truss Hanger - G90 Galvanized,6/2/2025
,,,THAI2.06/22 Galvanized,-,$19.20,30.00%,,$24.96,pcs,Fastener Plus,Hanger,,Simpson THAI2.06/22 Adjustable I-Joist Truss Hanger - G90 Galvanized,6/2/2025
,,,THAI2.1/22 Galvanized,-,$20.45,30.00%,,$26.59,pcs,Fastener Plus,Hanger,,Simpson THAI2.1/22 Adjustable I-Joist Truss Hanger - G90 Galvanized,6/2/2025
,,,THAI222 Galvanized,-,$19.05,30.00%,,$24.77,pcs,Fastener Plus,Hanger,,Simpson THAI222 Adjustable I-Joist Truss Hanger - G90 Galvanized,6/2/2025
,,,THAI322 Galvanized,-,$19.19,30.00%,,$24.95,pcs,Fastener Plus,Hanger,,Simpson THAI322 Adjustable I-Joist Truss Hanger - G90 Galvanized,6/2/2025
,,,THAI3522 Galvanized,-,$19.19,30.00%,,$24.95,pcs,Fastener Plus,Hanger,,Simpson THAI3522 Adjustable I-Joist Truss Hanger - G90 Galvanized,6/2/2025
,,,THAI422 Galvanized,-,$19.19,30.00%,,$24.95,pcs,Fastener Plus,Hanger,,Simpson THAI422 Adjustable I-Joist Truss Hanger - G90 Galvanized,6/2/2025
,,,THAI5.13/21 Galvanized,-,$61.00,30.00%,,$79.30,pcs,Fastener Plus,Hanger,,Simpson THAI5.13/21 Adjustable I-Joist Truss Hanger - G90 Galvanized,6/2/2025
,,,U26 Galvanized,-,$2.96,30.00%,,$3.85,pcs,Fastener Plus,Hanger,,Simpson U26 2x6 Face Mount Joist Hanger - G90 Galvanized,6/2/2025
,,,U26-2 Galvanized,-,$5.82,30.00%,,$7.57,pcs,Fastener Plus,Hanger,,Simpson U26-2 Double 2x6 Face Mount Joist Hanger - G90 Galvanized,6/2/2025
,,,U26-3 Galvanized,-,$12.55,30.00%,,$16.32,pcs,Fastener Plus,Hanger,,Simpson U26-3 Triple 2x6 Face Mount Joist Hanger - G90 Galvanized,6/2/2025
,,,IUS2.37/14 Galvanized,-,$6.70,30.00%,,$8.71,pcs,Fastener Plus,I-Joist Hanger,,Simpson IUS2.37/14 Face Mount I-Joist Hanger - G90 Galvanized,6/2/2025
,,,IUS2.56/11.88 Galvanized,-,$5.29,30.00%,,$6.88,pcs,Fastener Plus,I-Joist Hanger,,Simpson IUS2.56/11.88 Face Mount I-Joist Hanger - G90 Galvanized – Fasteners Plus,6/2/2025
,,,IUS3.56/9.5 Galvanized,-,$5.66,30.00%,,$7.36,pcs,Fastener Plus,I-Joist Hanger,,Simpson IUS3.56/9.5 Face Mount I-Joist Hanger - G90 Galvanized – Fasteners Plus,6/2/2025
,,,ITS2.06/11.88 Galvanized,-,$5.11,30.00%,,$6.64,pcs,Fastener Plus,I-Joist Hanger,,Simpson ITS2.06/11.88 Top Flange I-Joist Hanger - G90 Galvanized,6/2/2025
,,,ITS3.56/9.5 Galvanized,-,$7.46,30.00%,,$9.70,pcs,Fastener Plus,I-Joist Hanger,,Simpson ITS3.56/9.5 Top Flange I-Joist Hanger - G90 Galvanized – Fasteners Plus,6/2/2025
,,Ties,DTT2Z Tension Tie Zmax,-,$11.54,30.00%,,$15.00,pcs,Fastener Plus,Deck Tension Tie,,"Simpson DTT2Z Deck Tension Tie W/1.5"" SDS Screws - Zmax Finish",6/2/2025
,,,CMST12x40' Strap/Tension Tie Galvanized,-,$222.37,30.00%,,$289.08,pcs,Fastener Plus,Strap/Tension Tie,,Simpson CMST12 12 Gauge 40 ft. Coiled Strap,6/2/2025
,,,CMSTC16x54' Strap/Tension Tie Galvanized,54',$242.91,30.00%,,$315.78,pcs,Fastener Plus,Strap/Tension Tie,,Simpson CMSTC16 16 Gauge 54 ft. Coiled Strap – Fasteners Plus,6/2/2025
,,,"CS16-16""x150' Strap/Tension Tie Galvanized",-,$196.48,30.00%,,$255.42,pcs,Fastener Plus,Strap/Tension Tie,,Simpson CS16 16 Gauge 150 ft. Coiled Strap – Fasteners Plus,6/2/2025
,,,CS20(250') Galvanized,250',$196.48,30.00%,,$255.42,rolls,Fastener Plus,Strap/Tension Tie,,Simpson CS20 20 Gauge 250 ft. Coiled Strap – Fasteners Plus,6/2/2025
,,,CS20(25') Galvanized,25',$44.10,30.00%,,$57.33,rolls,Fastener Plus,Strap/Tension Tie,,Simpson CS20-R 20 Gauge 25 ft. Coiled Strap – Fasteners Plus,6/2/2025
,,,DSP Stud Plate Tie Galvanized,-,$1.54,30.00%,,$2.00,pcs,Home Depot,,,DSP 18-Gauge Galvanized Double-Stud Plate Tie,
,,,"HTT4_12-3/8"" Strap/Tension Tie Galvanized",-,$24.58,30.00%,,$31.95,pcs,Fastener Plus,Strap/Tension Tie,,"Simpson HTT4 12-3/8"" Tension Tie",6/2/2025
,,,"HTT5-16"" Strap/Tension Tie Galvanized",-,$26.44,30.00%,,$34.37,pcs,Fastener Plus,Strap/Tension Tie,,"Simpson HTT5 16"" Tension Tie – Fasteners Plus",6/2/2025
,,,LTP4 Galvanized,,$0.71,30.00%,,$0.92,pcs,Fastener Plus,Fasteners,,"Simpson LTP4 3"" x 4-1/4"" Lateral Tie Plate - G90 Galvanized – Fasteners Plus",6/2/2025
,,,"LSTA15-15"" Strap/Tension Tie Galvanized",,$1.19,30.00%,,$1.55,pcs,Fastener Plus,Strap/Tension Tie,,"Simpson LSTA15 15"" 20 Gauge Strap Tie - G90 Galvanized",6/2/2025
,,,"LSTA21-21"" Strap/Tension Tie Galvanized",-,$1.59,30.00%,,$2.07,pcs,Fastener Plus,Strap/Tension Tie,,"Simpson LSTA21 21"" 20 Gauge Strap Tie - G90 Galvanized – Fasteners Plus",6/2/2025
,,,"LSTA36-36"" Strap/Tension Tie Galvanized",-,$3.20,30.00%,,$4.16,pcs,Fastener Plus,Strap/Tension Tie,,"Simpson LSTA36 36"" 18 Gauge Strap Tie - G90 Galvanized",6/2/2025
,,,"MSTC28_28-1/4"" Strap/Tension Tie Galvanized",-,$10.93,30.00%,,$14.21,pcs,Fastener Plus,Strap/Tension Tie,,"Simpson MSTC28 28-1/4"" 16 Gauge Medium Strap Tie - G90 Galvanized",6/2/2025
,,,"MTS12-12"" Strap/Tension Tie Galvanized",-,$1.32,30.00%,,$1.72,pcs,Fastener Plus,Strap/Tension Tie,,"Simpson MTS12 12"" Medium Twist Strap - G90 Galvanized",6/2/2025
,,,MSTCM40 Galvanized,"40-1/4""",$17.15,30.00%,,$22.30,pcs,Fastener Plus,Strap/Tension Tie,,"Simpson MSTCM40 40-1/4"" Medium Masonry Strap Tie",6/2/2025
,,,TSP Strap/Tension Tie Galvanized,-,$1.65,30.00%,,$2.15,pcs,Fastener Plus,Strap/Tension Tie,,Simpson TSP Stud Plate Tie - G90 Galvanized,6/2/2025
,,Hurricane Ties,H1A Galvanized,-,$1.16,30.00%,,$1.51,pcs,Fastener Plus,Fasteners,,Simpson H1A Hurricane Tie - G90 Galvanized,6/2/2025
,,,H2A Galvanized,-,$2.10,30.00%,,$2.73,pcs,Fastener Plus,Fasteners,,Simpson H2A Hurricane Tie - G90 Galvanized,6/2/2025
,,,H2.5A Galvanized,-,$0.60,30.00%,,$0.78,pcs,Fastener Plus,Fasteners,,Simpson H2.5A Hurricane Tie - G90 Galvanized,6/2/2025
,,,H2.5T-2s Galvanized,2pcs,$1.28,30.00%,,$1.66,pcs,Fastener Plus,Fasteners,,"Simpson H2.5T Hurricane Tie - G90 Galvanized, Pkg 2",6/2/2025
,,,H3-2s Galvanized,-,$1.50,30.00%,,$1.95,pcs,Fastener Plus,Fasteners,,"Simpson H3 Hurricane Tie - G90 Galvanized, Pkg 2 – Fasteners Plus",6/2/2025
,,,H6-2s Galvanized,2pcs,$12.00,30.00%,,$15.60,pcs,Fastener Plus,Fasteners,,"Simpson H6 Hurricane Tie - G90 Galvanized, Pkg 2",6/2/2025
,,,H8 Galvanized,-,$0.82,30.00%,,$1.07,pcs,Fastener Plus,Fasteners,,Simpson H8 Hurricane Tie - G90 Galvanized,6/2/2025
,,,H10A Galvanized,-,$3.00,30.00%,,$3.90,pcs,Fastener Plus,Fasteners,,Simpson H10A Hurricane Tie - G90 Galvanized,6/2/2025
,,,H10A-2 Galvanized,-,$3.61,30.00%,,$4.69,pcs,Fastener Plus,Fasteners,,Simpson H10A-2 Hurricane Tie - G90 Galvanized,6/2/2025
,,,H10AR Galvanized,-,$4.10,30.00%,,$5.33,pcs,Fastener Plus,Fasteners,,Simpson H10AR Hurricane Tie - G90 Galvanized,6/2/2025
,,,H16 Galvanized,-,$6.32,30.00%,,$8.22,pcs,Fastener Plus,Fasteners,,Simpson H16 Hurricane Tie - G90 Galvanized,6/2/2025
,,,H16-2S Galvanized,-,$7.11,30.00%,,$9.24,pcs,Fastener Plus,Fasteners,,Simpson H16-2S Hurricane Tie - G90 Galvanized,6/2/2025
,,,H16-2 Galvanized,-,$8.18,30.00%,,$10.63,pcs,Fastener Plus,Fasteners,,Simpson H16-2 Hurricane Tie - G90 Galvanized,6/2/2025
,,,HGA10KT-10s Galvanized,10pcs,$111.29,30.00%,,$144.68,pcs,Fastener Plus,Fasteners,Not for treated lumber,"Simpson HGA10KT Hurricane Gusset Angle w/Screws - G90 Galvanized, Pkg 10",6/2/2025
,,,HGA10KTHDG-10s Galvanized,10pcs,$154.99,30.00%,,$201.49,pcs,Fastener Plus,Fasteners,For treated lumber,"Simpson HGA10KTHDG Hurricane Gusset Angle w/Screws - Hot Dip Galvanized, Pkg 10",6/2/2025
,,Nuts,"3/8"" Nut A563 Galvanized",-,$0.07,30.00%,,$0.09,pcs,Fastener Plus,Fasteners,,"3/8""-16 Conquest Grade 2 Hex Nut - Hot Dip Galvanized – Fasteners Plus",6/2/2025
,,,"1/2"" Nut A563 Galvanized",-,$0.38,30.00%,,$0.49,pcs,Fastener Plus,Fasteners,,"1/2""-13 Conquest Heavy Hex Nut, A563 Grade A - Hot Dip Galvanized",6/2/2025
,,,"5/8"" Nut A563 Galvanized",-,$0.61,30.00%,,$0.79,pcs,Fastener Plus,Fasteners,,"5/8""-11 Conquest Heavy Hex Nut, A563 Grade A - Hot Dip Galvanized",6/2/2025
,,,"3/4"" Nut A563 Galvanized",-,$0.83,30.00%,,$1.08,pcs,Fastener Plus,Fasteners,,"3/4""-10 Conquest Heavy Hex Nut, A563 Grade A - Hot Dip Galvanized",6/2/2025
,,,"7/8"" Nut A563 Galvanized",-,$1.27,30.00%,,$1.65,pcs,Fastener Plus,Fasteners,,"7/8""-9 Conquest Heavy Hex Nut, A563 Grade A - Hot Dip Galvanized",6/2/2025
,,,"1"" Nut A563 Galvanized",-,$1.93,30.00%,,$2.51,pcs,Fastener Plus,Fasteners,,"1""-8 Conquest Heavy Hex Nut, A563 Grade A - Hot Dip Galvanized",6/2/2025
,,,"1-1/4"" Nut A563 Galvanized",-,$4.08,30.00%,,$5.30,pcs,Fastener Plus,Fasteners,,"1-1/4""-7 Conquest Heavy Hex Nut, A563 Grade A - Hot Dip Galvanized",6/2/2025
,,,"1-1/2"" Nut A563 Galvanized",-,$7.22,30.00%,,$9.39,pcs,Fastener Plus,Fasteners,,"1-1/2""-6 Conquest Heavy Hex Nut, A563 Grade A - Hot Dip Galvanized",6/2/2025
,,Washers,"1/4"" Washer Flat Galvanized",-,$0.10,30.00%,,$0.13,pcs,Fastener Plus,Fasteners,,"1/4"" Conquest USS Flat Washer - Hot Dip Galvanized",6/2/2025
,,,"5/16"" Washer Flat Galvanized",-,$0.11,30.00%,,$0.14,pcs,Fastener Plus,Fasteners,,"5/16"" Conquest USS Flat Washer - Hot Dip Galvanized",6/2/2025
,,,"3/8"" Washer Flat Galvanized",-,$0.15,30.00%,,$0.20,pcs,Fastener Plus,Fasteners,,"3/8"" Conquest USS Flat Washer - Hot Dip Galvanized",6/2/2025
,,,"1/2"" Washer Flat Galvanized",-,$0.25,30.00%,,$0.33,pcs,Fastener Plus,Fasteners,,"1/2"" Conquest USS Flat Washer - Hot-Dip Galvanized",6/2/2025
,,,"5/8"" Washer Flat Galvanized",-,$0.42,30.00%,,$0.55,pcs,Fastener Plus,Fasteners,,"5/8"" Conquest USS Flat Washer - Hot Dip Galvanized",6/2/2025
,,,"3/4"" Washer Flat Galvanized",-,$0.64,30.00%,,$0.83,pcs,Fastener Plus,Fasteners,,"3/4"" Conquest USS Flat Washer - Hot Dip Galvanized",6/2/2025
,,,"7/8"" Washer Flat Galvanized",-,$0.86,30.00%,,$1.12,pcs,Fastener Plus,Fasteners,,"7/8"" Conquest USS Flat Washer - Hot Dip Galvanized",6/2/2025
,,,"1"" Washer Flat Galvanized",-,$1.03,30.00%,,$1.34,pcs,Fastener Plus,Fasteners,,"1"" Conquest USS Flat Washer - Hot Dip Galvanized",6/2/2025
,,,"1-1/4"" Washer Flat Galvanized",-,$2.14,30.00%,,$2.78,pcs,Fastener Plus,Fasteners,,"1-1/4"" Conquest USS Flat Washer - Hot Dip Galvanized",6/2/2025
,,,"1-1/2"" Washer Flat Galvanized",-,$3.16,30.00%,,$4.11,pcs,Fastener Plus,Fasteners,,"1-1/2"" Conquest USS Flat Washer - Hot Dip Galvanized",6/2/2025
,,Post Bases,ABA44Z Post Base Adjustable Zmax,-,$8.85,30.00%,,$11.51,pcs,Fastener Plus,Fasteners,,Simpson ABA44Z 4x4 Adjustable Post Base - Zmax Finish – Fasteners Plus,6/2/2025
,,,ABA46Z Post Base Adjustable Zmax,-,$21.60,30.00%,,$28.08,pcs,Fastener Plus,Fasteners,,Simpson ABA46Z 4x6 Adjustable Post Base - Zmax Finish,6/2/2025
,,,ABA66Z Post Base Adjustable Zmax,-,$24.65,30.00%,,$32.05,pcs,Fastener Plus,Fasteners,,Simpson ABA66Z 6x6 Adjustable Post Base - Zmax Finish,6/2/2025
,,,ABA44-2Z Post Base Adjustable Zmax,-,$9.62,30.00%,,$12.51,pcs,Fastener Plus,Fasteners,,Simpson ABA24-2Z Double 2x4 Adjustable Post Base - Zmax Finish,6/2/2025
,,,ABU44Z Post Base Adjustable Zmax,-,$29.80,30.00%,,$38.74,pcs,Fastener Plus,Fasteners,,Simpson ABU44Z 4x4 Adjustable Post Base - Zmax Finish,6/2/2025
,,,ABU46Z Post Base Adjustable Zmax,-,$42.00,30.00%,,$54.60,pcs,Fastener Plus,Fasteners,,Simpson ABU46Z 4x6 Adjustable Post Base - Zmax Finish,6/2/2025
,,,ABU5-5Z Post Base Adjustable Zmax,,$61.58,30.00%,,$80.05,pcs,Fastener Plus,Fasteners,,Simpson ABU5-5Z Adjustable Post Base with Uplift - ZMAX,6/2/2025
,,,ABU66Z Post Base Adjustable Zmax,-,$53.03,30.00%,,$68.94,pcs,Fastener Plus,Fasteners,,Simpson ABU66Z 6x6 Post Base - Zmax Finish,6/2/2025
,,,ABU88Z Post Base Adjustable Zmax,-,$88.75,30.00%,,$115.38,pcs,Fastener Plus,Fasteners,,Simpson ABU88Z 8x8 Adjustable Post Base - Zmax Finish,6/2/2025
,,,ABU1010Z Post Base Adjustable Zmax,-,$159.85,30.00%,,$207.81,pcs,Fastener Plus,Fasteners,,Simpson ABU1010Z 10x10 Adjustable Post Base - Zmax Finish,6/2/2025
,,,ABU1212Z Post Base Adjustable Zmax,-,$210.65,30.00%,,$273.85,pcs,Fastener Plus,Fasteners,,Simpson ABU1212Z 12x12 Adjustable Post Base - Zmax Finish,6/2/2025
,,,BC40 Post Base Half Galvanized,-,$4.62,30.00%,,$6.01,pcs,Fastener Plus,Fasteners,,Simpson BC40 4x Post Half Base - G90 Galvanized,6/2/2025
,,,BC60 Post Base Half Galvanized,-,$12.97,30.00%,,$16.86,pcs,Fastener Plus,Fasteners,,Simpson BC60 6x Post Half Base - G90 Galvanized – Fasteners Plus,6/2/2025
,,,CB66 Column Base G90 Galvanized,-,$42.95,30.00%,,$55.84,pcs,Fastener Plus,Fasteners,,Simpson CB66 6x6 Column Base,6/2/2025
,,,RPBZ Post Base Retrofit Zmax,-,$7.27,30.00%,,$9.45,pcs,Fastener Plus,Fasteners,,Simpson RPBZ Retrofit Post Base - Zmax Finish – Fasteners Plus,6/2/2025
,,,PB44R Post Base Galvanized,-,$28.98,30.00%,,$37.67,pcs,Fastener Plus,Fasteners,Cast in Place / Rough Cut Lumber,Simpson PB44R 4x4 Rough Post Base - G90 Galvanized,6/2/2025
,,,PB66R Post Base Galvanized,-,$40.17,30.00%,,$52.22,pcs,Fastener Plus,Fasteners,,Simpson PB66R 6x6 Rough Post Base - G90 Galvanized,6/2/2025
,,,PB44 Post Base Galvanized,-,$11.94,30.00%,,$15.52,pcs,Fastener Plus,Fasteners,Cast in Place,Simpson PB44 4x4 Post Base - G90 Galvanized,6/2/2025
,,,PB46 Post Base Galvanized,-,$16.19,30.00%,,$21.05,pcs,Fastener Plus,Fasteners,,Simpson PB46 4x6 Post Base - G90 Galvanized,6/2/2025
,,,PB66 Post Base Galvanized,-,$22.47,30.00%,,$29.21,pcs,Fastener Plus,Fasteners,,Simpson PB66 6x6 Post Base - G90 Galvanized,6/2/2025
,,,PBS46 Post Base Galvanized,-,$22.84,30.00%,,$29.69,pcs,Fastener Plus,Fasteners,,Simpson PBS46 4x6 Post Base Stand Off - G90 Galvanized,6/2/2025
,,,PBS66 Post Base Galvanized,-,$33.76,30.00%,,$43.89,pcs,Fastener Plus,Fasteners,,Simpson PBS66 6x6 Post Base Stand Off - G90 Galvanized,6/2/2025
,,,AC4 Post Cap Adjustable Zinc Galvanized,-,$7.24,30.00%,,$9.41,pairs,Fastener Plus,Fasteners,,Simpson AC4 Adjustable Post Cap for 4X Beam - Zinc Galvanized,6/2/2025
,,Post Caps,AC6-2s Post Cap Adjustable Galvanized,2pcs,$8.94,30.00%,,$11.62,pairs,Fastener Plus,Fasteners,,"Simpson AC6 6x Adjustable Post Cap - G90 Galvanized, Pkg 2",6/2/2025
,,,BC4 Post Cap Galvanized,-,$7.10,30.00%,,$9.23,pcs,Fastener Plus,Fasteners,,Simpson BC4 4x Post Cap - G90 Galvanized,6/2/2025
,,,BC46 Post Cap Galvanized,-,$9.72,30.00%,,$12.64,pcs,Fastener Plus,Fasteners,,Simpson BC46 4x6 Post Cap - G90 Galvanized,6/2/2025
,,,BC6 Post Cap Galvanized,-,$20.37,30.00%,,$26.48,pcs,Fastener Plus,Fasteners,,Simpson BC6 6x Post Cap - G90 Galvanized,6/2/2025
,,,BC8 Post Cap Galvanized,-,$81.45,30.00%,,$105.89,pcs,Fastener Plus,Fasteners,,Simpson BC8 8x Post Cap - G90 Galvanized,6/2/2025
,,,BCS2-3/6 Post Cap Galvanized,,$12.94,30.00%,,$16.82,pcs,Fastener Plus,Fasteners,,Simpson BCS2-3/6 2-3X6 Post Cap - G90 Galvanized – Fasteners Plus,6/2/2025
,,,LCE4 Post Cap Galvanized,2pcs,$7.51,30.00%,,$9.76,pcs,Fastener Plus,Fasteners,,Simpson LCE4 Light Post Cap for End Condition - G90 Galvanized – Fasteners Plus,6/2/2025
,,,LCE4Z Post Cap Zmax,,$7.85,30.00%,,$10.21,pcs,Fastener Plus,Fasteners,,Simpson LCE4Z Light Post Cap for End Condition - ZMAX,6/2/2025
,,,LPC6Z Post Cap Zmax,,$6.36,30.00%,,$8.27,pcs,Fastener Plus,Fasteners,,"Simpson LPC6Z 6x Adjustable Post Cap - Zmax Finish, Qty 1 – Fasteners Plus",6/2/2025
,,Column Caps,CCQ44 Column Cap Gray Paint,-,$126.50,30.00%,,$164.45,pcs,Fastener Plus,Fasteners,,Simpson CCQ44SDS2.5 Column Cap w/SDS Screws - Gray Paint,7/29/2025
,,,CCQ46 Column Cap Gray Paint,-,$132.99,30.00%,,$172.89,pcs,Fastener Plus,Fasteners,,Simpson CCQ46SDS2.5 Column Cap w/SDS Screws - Gray Paint,7/29/2025
,,,CCQ48 Column Cap Gray Paint,-,$127.99,30.00%,,$166.39,pcs,Fastener Plus,Fasteners,,Simpson CCQ48SDS2.5 Column Cap w/SDS Screws - Gray Paint,7/29/2025
,,,CCQ64 Column Cap Gray Paint,-,$126.99,30.00%,,$165.09,pcs,Fastener Plus,Fasteners,,Simpson CCQ64SDS2.5 Column Cap w/SDS Screws - Gray Paint,7/29/2025
,,,CCQ66 Column Cap Gray Paint,-,$126.99,30.00%,,$165.09,pcs,Fastener Plus,Fasteners,,Simpson CCQ66SDS2.5 Column Cap w/SDS Screws - Gray Paint,7/29/2025
,,,CCQ68 Column Cap Gray Paint,-,$126.99,30.00%,,$165.09,pcs,Fastener Plus,Fasteners,,Simpson CCQ68SDS2.5 Column Cap w/SDS Screws - Gray Paint,7/29/2025
,,,ECCQ44 Column Cap End Gray Paint,-,$126.50,30.00%,,$164.45,pcs,Fastener Plus,Fasteners,,Simpson ECCQ44SDS2.5 End Column Cap w/SDS Screws - Gray Paint - Non-Returnable,7/29/2025
,,,ECCQ46 Column Cap End Gray Paint,-,$130.25,30.00%,,$169.33,pcs,Fastener Plus,Fasteners,,Simpson ECCQ46SDS2.5 End Column Cap w/SDS Screws - Gray Paint,7/29/2025
,,,ECCQ48 Column Cap End Gray Paint,-,$126.57,30.00%,,$164.54,pcs,Fastener Plus,Fasteners,,Simpson ECCQ48SDS2.5 End Column Cap w/SDS Screws - Gray Paint - Non-Returnable,7/29/2025
,,,ECCQ48 Column Cap End Galvanized,-,$167.99,30.00%,,$218.39,pcs,Fastener Plus,Fasteners,,Simpson ECCQ48-SDS2.5HDG End Column Cap w/SDS Screws - Hot Dip Galvanized - Non-Returnable,7/29/2025
,,,ECCQ64 Column Cap End Galvanized,-,$173.75,30.00%,,$225.88,pcs,Fastener Plus,Fasteners,,Simpson ECCQ64HDG-SDS End Column Cap w/SDS Screws - Hot Dip Galvanized,7/29/2025
,,,ECCQ66 Column Cap End Gray Paint,-,$126.75,30.00%,,$164.78,pcs,Fastener Plus,Fasteners,,Simpson ECCQ66SDS2.5 End Column Cap w/SDS Screws - Gray Paint - Non-Returnable,7/29/2025
,,,ECCQ68 Column Cap End Gray Paint,-,$126.75,30.00%,,$164.78,pcs,Fastener Plus,Fasteners,,Simpson ECCQ68SDS2.5 End Column Cap w/SDS Screws - Gray Paint - Non-Returnable,7/29/2025
,,,ECCLR444 Column Cap L-Shaped Gray Paint,-,$266.25,30.00%,,$346.13,pcs,Fastener Plus,Fasteners,Same price if L or R,Simpson ECCLR444 4x4x4 End Column Cap Right Direction - Gray Paint,7/29/2025
,,,ECCLR666 Column Cap L-Shaped Gray Paint,-,$299.50,30.00%,,$389.35,pcs,Fastener Plus,Fasteners,,"Simpson ECCLR666 6x6x6 L Shaped End Column Cap - Right, Pkg 1",7/29/2025
,,,ECCLRQ444 Column Cap L-Shaped Gray Paint,-,$316.25,30.00%,,$411.13,pcs,Fastener Plus,Fasteners,L-Shaped Right,"Simpson ECCLRQ444SDS 4x4x4 End Column Cap L-Shaped Right, Quick-Install with Screws",7/29/2025
,,,ECCLRQ464 Column Cap L-Shaped Gray Paint,-,$349.50,30.00%,,$454.35,pcs,Fastener Plus,Fasteners,,"Simpson ECCLRQ464SDS 4x6x4 End Column Cap L-Shaped Right, Quick-Install with Screws",7/29/2025
,,,ECCLRQ666 Column Cap L-Shaped Gray Paint,-,$366.00,30.00%,,$475.80,pcs,Fastener Plus,Fasteners,,"Simpson ECCLRQ666SDS 6x6x6 End Column Cap L-Shaped Right, Quick-Install with Screws - Gray Paint",7/29/2025
,,,ECCLLQ444 Column Cap L-Shaped Gray Paint,-,$316.25,30.00%,,$411.13,pcs,Fastener Plus,Fasteners,L-Shaped Left,Simpson ECCLLQ444SDS End Column Cap L-Shaped Left Quick-Install with Screws - Gray Paint,7/29/2025
,,,ECCLLQ464 Column Cap L-Shaped Gray Paint,-,$349.50,30.00%,,$454.35,pcs,Fastener Plus,Fasteners,,Simpson ECCLLQ464SDS End Column Cap L-Shaped Left Quick-Install with Screws - Gray Paint,7/29/2025
,,,ECCLLQ666 Column Cap L-Shaped Gray Paint,-,$366.00,30.00%,,$475.80,pcs,Fastener Plus,Fasteners,,Simpson ECCLLQ666SDS End Column Cap L-Shaped Left Quick-Install with Screws - Gray Paint,7/29/2025
,,Threaded Rod A307,"3/8""-1' Threaded Rod A307 Galvanized",-,$3.21,30.00%,,$4.17,rods,Fastener Plus,Fasteners,,"3/8""-16 x 1' A307 Threaded Rod - Hot Dip Galvanized",6/2/2025
,,,"3/8""-1.5' Threaded Rod A307 Galvanized",-,$3.81,30.00%,,$4.95,rods,Fastener Plus,Fasteners,,"3/8""-16 x 1.5' A307 Threaded Rod - Hot Dip Galvanized",6/2/2025
,,,"3/8""-2' Threaded Rod A307 Galvanized",-,$5.27,30.00%,,$6.85,rods,Fastener Plus,Fasteners,,"3/8""-16 x 2' A307 Threaded Rod - Hot Dip Galvanized",6/2/2025
,,,"3/8""-3' Threaded Rod A307 Galvanized",-,$9.24,30.00%,,$12.01,rods,Fastener Plus,Fasteners,,"3/8""-16 x 3' A307 Threaded Rod - Hot Dip Galvanized",6/2/2025
,,,"3/8""-4' Threaded Rod A307 Galvanized",-,$12.72,30.00%,,$16.54,rods,Fastener Plus,Fasteners,,"3/8""-16 x 4' A307 Threaded Rod - Hot Dip Galvanized",6/2/2025
,,,"3/8""-5' Threaded Rod A307 Galvanized",-,$15.64,30.00%,,$20.33,rods,Fastener Plus,Fasteners,,"3/8""-16 x 5' A307 Threaded Rod - Hot Dip Galvanized",6/2/2025
,,,"3/8""-6' Threaded Rod A307 Galvanized",-,$18.56,30.00%,,$24.13,rods,Fastener Plus,Fasteners,,"3/8""-16 x 6' A307 Threaded Rod - Hot Dip Galvanized",6/2/2025
,,,"3/8""-8' Threaded Rod A307 Galvanized",-,$24.40,30.00%,,$31.72,rods,Fastener Plus,Fasteners,,"3/8""-16 x 8' A307 Threaded Rod - Hot Dip Galvanized",6/2/2025
,,,"3/8""-10' Threaded Rod A307 Galvanized",-,$30.24,30.00%,,$39.31,rods,Fastener Plus,Fasteners,,"3/8""-16 x 10' A307 Threaded Rod - Hot Dip Galvanized",6/2/2025
,,,"3/8""-12' Threaded Rod A307 Galvanized",-,$35.04,30.00%,,$45.55,rods,Fastener Plus,Fasteners,,"3/8""-16 x 12' A307 Threaded Rod - Hot Dip Galvanized",6/2/2025
,,,"1/2""-1' Threaded Rod A307 Galvanized",-,$4.74,30.00%,,$6.16,rods,Fastener Plus,Fasteners,,"1/2""-13 x 1' A307 Threaded Rod - Hot Dip Galvanized",6/2/2025
,,,"1/2""-1.5' Threaded Rod A307 Galvanized",-,$7.19,30.00%,,$9.35,rods,Fastener Plus,Fasteners,,"1/2""-13 x 1.5' A307 Threaded Rod - Hot Dip Galvanized",6/2/2025
,,,"1/2""-2' Threaded Rod A307 Galvanized",-,$10.10,30.00%,,$13.13,rods,Fastener Plus,Fasteners,,"1/2""-13 x 2' A307 Threaded Rod - Hot Dip Galvanized",6/2/2025
,,,"1/2""-3' Threaded Rod A307 Galvanized",-,$18.29,30.00%,,$23.78,rods,Fastener Plus,Fasteners,,"1/2""-13 x 3' A307 Threaded Rod - Hot Dip Galvanized",6/2/2025
,,,"1/2""-4' Threaded Rod A307 Galvanized",-,$17.72,30.00%,,$23.04,rods,Fastener Plus,Fasteners,,"1/2""-13 x 4' A307 Threaded Rod - Hot Dip Galvanized",6/2/2025
,,,"1/2""-5' Threaded Rod A307 Galvanized",-,$21.88,30.00%,,$28.44,rods,Fastener Plus,Fasteners,,"1/2""-13 x 5' A307 Threaded Rod - Hot Dip Galvanized",6/2/2025
,,,"1/2""-6' Threaded Rod A307 Galvanized",-,$28.77,30.00%,,$37.40,rods,Fastener Plus,Fasteners,,"1/2""-13 x 6' A307 Threaded Rod - Hot Dip Galvanized",6/2/2025
,,,"1/2""-8' Threaded Rod A307 Galvanized",-,$34.36,30.00%,,$44.67,rods,Fastener Plus,Fasteners,,"1/2""-13 x 8' A307 Threaded Rod - Hot Dip Galvanized",6/2/2025
,,,"1/2""-10' Threaded Rod A307 Galvanized",-,$42.68,30.00%,,$55.48,rods,Fastener Plus,Fasteners,,"1/2""-13 x 10' A307 Threaded Rod - Hot Dip Galvanized",6/2/2025
,,,"1/2""-12' Threaded Rod A307 Galvanized",-,$49.92,30.00%,,$64.90,rods,Fastener Plus,Fasteners,,"1/2""-13 x 12' A307 Threaded Rod - Hot Dip Galvanized",6/2/2025
,,,"5/8""-1' Threaded Rod A307 Galvanized",-,$5.36,30.00%,,$6.97,rods,Fastener Plus,Fasteners,,"5/8""-11 x 1' A307 Threaded Rod - Hot Dip Galvanized",6/2/2025
,,,"5/8""-1.5' Threaded Rod A307 Galvanized",-,$7.58,30.00%,,$9.85,rods,Fastener Plus,Fasteners,,"5/8""-11 x 1.5' A307 Threaded Rod - Hot Dip Galvanized",6/2/2025
,,,"5/8""-2' Threaded Rod A307 Galvanized",-,$11.15,30.00%,,$14.50,rods,Fastener Plus,Fasteners,,"5/8""-11 x 2' A307 Threaded Rod - Hot Dip Galvanized",6/2/2025
,,,"5/8""-3' Threaded Rod A307 Galvanized",-,$17.84,30.00%,,$23.19,rods,Fastener Plus,Fasteners,,"5/8""-11 x 3' A307 Threaded Rod - Hot Dip Galvanized",6/2/2025
,,,"5/8""-4' Threaded Rod A307 Galvanized",-,$23.68,30.00%,,$30.78,rods,Fastener Plus,Fasteners,,"5/8""-11 x 4' A307 Threaded Rod - Hot Dip Galvanized",6/2/2025
,,,"5/8""-5' Threaded Rod A307 Galvanized",-,$29.32,30.00%,,$38.12,rods,Fastener Plus,Fasteners,,"5/8""-11 x 5' A307 Threaded Rod - Hot Dip Galvanized",6/2/2025
,,,"5/8""-6' Threaded Rod A307 Galvanized",-,$34.96,30.00%,,$45.45,rods,Fastener Plus,Fasteners,,"5/8""-11 x 6' A307 Threaded Rod - Hot Dip Galvanized",6/2/2025
,,,"5/8""-8' Threaded Rod A307 Galvanized",-,$46.24,30.00%,,$60.11,rods,Fastener Plus,Fasteners,,"5/8""-11 x 8' A307 Threaded Rod - Hot Dip Galvanized",6/2/2025
,,,"5/8""-10' Threaded Rod A307 Galvanized",-,$57.52,30.00%,,$74.78,rods,Fastener Plus,Fasteners,,"5/8""-11 x 10' A307 Threaded Rod - Hot Dip Galvanized",6/2/2025
,,,"5/8""-12' Threaded Rod A307 Galvanized",-,$67.68,30.00%,,$87.98,rods,Fastener Plus,Fasteners,,"5/8""-11 x 12' A307 Threaded Rod - Hot Dip Galvanized",6/2/2025
,,,"3/4""-1' Threaded Rod A307 Galvanized",-,$7.64,30.00%,,$9.93,rods,Fastener Plus,Fasteners,,"3/4""-10 x 1' A307 Threaded Rod - Hot Dip Galvanized",6/2/2025
,,,"3/4""-1.5' Threaded Rod A307 Galvanized",-,$10.45,30.00%,,$13.59,rods,Fastener Plus,Fasteners,,"3/4""-10 x 1.5' A307 Threaded Rod - Hot Dip Galvanized",6/2/2025
,,,"3/4""-2' Threaded Rod A307 Galvanized",-,$15.05,30.00%,,$19.57,rods,Fastener Plus,Fasteners,,"3/4""-10 x 2' A307 Threaded Rod - Hot Dip Galvanized",6/2/2025
,,,"3/4""-3' Threaded Rod A307 Galvanized",-,$26.05,30.00%,,$33.87,rods,Fastener Plus,Fasteners,,"3/4""-10 x 3' A307 Threaded Rod - Hot Dip Galvanized",6/2/2025
,,,"3/4""-4' Threaded Rod A307 Galvanized",-,$30.44,30.00%,,$39.57,rods,Fastener Plus,Fasteners,,"3/4""-10 x 4' A307 Threaded Rod - Hot Dip Galvanized",6/2/2025
,,,"3/4""-5' Threaded Rod A307 Galvanized",-,$37.76,30.00%,,$49.09,rods,Fastener Plus,Fasteners,,"3/4""-10 x 5' A307 Threaded Rod - Hot Dip Galvanized",6/2/2025
,,,"3/4""-6' Threaded Rod A307 Galvanized",-,$45.08,30.00%,,$58.60,rods,Fastener Plus,Fasteners,,"3/4""-10 x 6' A307 Threaded Rod - Hot Dip Galvanized",6/2/2025
,,,"3/4""-8' Threaded Rod A307 Galvanized",-,$59.72,30.00%,,$77.64,rods,Fastener Plus,Fasteners,,"3/4""-10 x 8' A307 Threaded Rod - Hot Dip Galvanized",6/2/2025
,,,"3/4""-10' Threaded Rod A307 Galvanized",-,$74.36,30.00%,,$96.67,rods,Fastener Plus,Fasteners,,"3/4""-10 x 10' A307 Threaded Rod - Hot Dip Galvanized",6/2/2025
,,,"3/4""-12' Threaded Rod A307 Galvanized",-,$87.84,30.00%,,$114.19,rods,Fastener Plus,Fasteners,,"3/4""-10 x 12' A307 Threaded Rod - Hot Dip Galvanized",6/2/2025
,,,"7/8""-1' Threaded Rod A307 Galvanized",-,$8.84,30.00%,,$11.49,rods,Fastener Plus,Fasteners,,"7/8""-9 x 1' A307 Threaded Rod - Hot Dip Galvanized",6/2/2025
,,,"7/8""-1.5' Threaded Rod A307 Galvanized",-,$15.01,30.00%,,$19.51,rods,Fastener Plus,Fasteners,,"7/8""-9 x 1.5' A307 Threaded Rod - Hot Dip Galvanized",6/2/2025
,,,"7/8""-2' Threaded Rod A307 Galvanized",-,$19.50,30.00%,,$25.35,rods,Fastener Plus,Fasteners,,"7/8""-9 x 2' A307 Threaded Rod - Hot Dip Galvanized",6/2/2025
,,,"7/8""-3' Threaded Rod A307 Galvanized",-,$28.69,30.00%,,$37.30,rods,Fastener Plus,Fasteners,,"7/8""-9 x 3' A307 Threaded Rod - Hot Dip Galvanized",6/2/2025
,,,"7/8""-4' Threaded Rod A307 Galvanized",-,$37.40,30.00%,,$48.62,rods,Fastener Plus,Fasteners,,"7/8""-9 x 4' A307 Threaded Rod - Hot Dip Galvanized",6/2/2025
,,,"7/8""-5' Threaded Rod A307 Galvanized",-,$46.44,30.00%,,$60.37,rods,Fastener Plus,Fasteners,,"7/8""-9 x 5' A307 Threaded Rod - Hot Dip Galvanized",6/2/2025
,,,"7/8""-6' Threaded Rod A307 Galvanized",-,$55.48,30.00%,,$72.12,rods,Fastener Plus,Fasteners,,"7/8""-9 x 6' A307 Threaded Rod - Hot Dip Galvanized",6/2/2025
,,,"7/8""-8' Threaded Rod A307 Galvanized",-,$73.56,30.00%,,$95.63,rods,Fastener Plus,Fasteners,,"7/8""-9 x 8' A307 Threaded Rod - Hot Dip Galvanized",6/2/2025
,,,"7/8""-10' Threaded Rod A307 Galvanized",-,$91.64,30.00%,,$119.13,rods,Fastener Plus,Fasteners,,"7/8""-9 x 10' A307 Threaded Rod - Hot Dip Galvanized",6/2/2025
,,,"7/8""-12' Threaded Rod A307 Galvanized",-,$108.48,30.00%,,$141.02,rods,Fastener Plus,Fasteners,,"7/8""-9 x 12' A307 Threaded Rod - Hot Dip Galvanized",6/2/2025
,,,"1""-1' Threaded Rod A307 Galvanized",-,$12.48,30.00%,,$16.22,rods,Fastener Plus,Fasteners,,"1""-8 x 1' A307 Threaded Rod - Hot Dip Galvanized",6/2/2025
,,,"1""-1.5' Threaded Rod A307 Galvanized",-,$17.54,30.00%,,$22.80,rods,Fastener Plus,Fasteners,,"1""-8 x 1.5' A307 Threaded Rod - Hot Dip Galvanized",6/2/2025
,,,"1""-2' Threaded Rod A307 Galvanized",-,$24.58,30.00%,,$31.95,rods,Fastener Plus,Fasteners,,"1""-8 x 2' A307 Threaded Rod - Hot Dip Galvanized",6/2/2025
,,,"1""-3' Threaded Rod A307 Galvanized",-,$40.71,30.00%,,$52.92,rods,Fastener Plus,Fasteners,,"1""-8 x 3' A307 Threaded Rod - Hot Dip Galvanized",6/2/2025
,,,"1""-4' Threaded Rod A307 Galvanized",-,$50.14,30.00%,,$65.18,rods,Fastener Plus,Fasteners,,"1""-8 x 4' A307 Threaded Rod - Hot Dip Galvanized",6/2/2025
,,,"1""-5' Threaded Rod A307 Galvanized",-,$62.36,30.00%,,$81.07,rods,Fastener Plus,Fasteners,,"1""-8 x 5' A307 Threaded Rod - Hot Dip Galvanized",6/2/2025
,,,"1""-6' Threaded Rod A307 Galvanized",-,$74.58,30.00%,,$96.95,rods,Fastener Plus,Fasteners,,"1""-8 x 6' A307 Threaded Rod - Hot Dip Galvanized",6/2/2025
,,,"1""-8' Threaded Rod A307 Galvanized",-,$99.02,30.00%,,$128.73,rods,Fastener Plus,Fasteners,,"1""-8 x 8' A307 Threaded Rod - Hot Dip Galvanized",6/2/2025
,,,"1""-10' Threaded Rod A307 Galvanized",-,$123.46,30.00%,,$160.50,rods,Fastener Plus,Fasteners,,"1""-8 x 10' A307 Threaded Rod - Hot Dip Galvanized",6/2/2025
,,,"1""-12' Threaded Rod A307 Galvanized",-,$146.64,30.00%,,$190.63,rods,Fastener Plus,Fasteners,,"1""-8 x 12' A307 Threaded Rod - Hot Dip Galvanized",6/2/2025
,POLYVINYL CHLORIDE,VERANDA PVC Trim,"1x2""-8' PVC Trim (V)",-,$9.98,15.00%,,$11.48,pcs,Home Depot,PVC Trim ,,3/4 in. x 1-1/2 in. x 8 ft. White Cellular PVC Trim,
,,,"1x3""-8' PVC Trim (V)",-,$14.97,15.00%,,$17.22,pcs,Home Depot,PVC Trim ,,Veranda 3/4 in. x 2-1/2 in. x 8 ft. Cellular PVC Trim,
,,,"1x4""-8' PVC Trim (V)",-,$19.98,15.00%,,$22.98,pcs,Home Depot,PVC Trim ,,Veranda 3/4 in. x 3-1/2 in. x 8 ft. Cellular PVC Trim,
,,,"1x6""-8' PVC Trim (V)",-,$29.98,15.00%,,$34.48,pcs,Home Depot,PVC Trim ,,Veranda 3/4 in. x 5-1/2 in. x 8 ft. Cellular PVC TRIM,
,,,"1x8""-8' PVC Trim (V)",-,$39.98,15.00%,,$45.98,pcs,Home Depot,PVC Trim ,,Veranda 3/4 in. x 7-1/4 in. x 8 ft. High Performance White Cellular PVC Trim Board,
,,,"1x10""-8' PVC Trim (V)",-,$49.98,15.00%,,$57.48,pcs,Home Depot,PVC Trim ,,Veranda 3/4 in. x 9-1/4 in. x 8 ft. High Performance White Cellular PVC Trim Board,
,,,"1x12""-8' PVC Trim (V)",-,$119.00,15.00%,,$136.85,pcs,Home Depot,PVC Trim ,,Veranda 3/4 in. x 11-1/4 in. x 16 ft. High Performance White Cellular PVC Trim Board,
,LALLY COLUMNS,Concrete Column,"3-1/2""x10' Concrete column w/2plates",-,$94.36,15.00%,,$108.51,pcs,Concord,Lally Column,,,
,,,"3-1/2""x12' Concrete column w/2plates",-,$84.19,15.00%,,$96.82,pcs,Concord,Lally Column,,,
,,,"4""x10' Concrete column w/2plates",-,$98.98,15.00%,,$113.83,pcs,Concord,Lally Column,,,
,,,"4""x12' Concrete column w/2plates",-,$107.24,15.00%,,$123.33,pcs,Concord,Lally Column,,,
,,,"2x4""-8' Douglas Fir #2",-,$3.38,25.00%,,$4.23,pcs,Coastal Forest,DF Lumber,,,
,,,"2x4""-10' Douglas Fir #2",-,$4.23,25.00%,,$5.29,pcs,Coastal Forest,DF Lumber,,,
,,,"2x4""-12' Douglas Fir #2",-,$5.07,25.00%,,$6.34,pcs,Coastal Forest,DF Lumber,,,
,,,"2x4""-14' Douglas Fir #2",-,$5.92,25.00%,,$7.40,pcs,Coastal Forest,DF Lumber,,,
,,,"2x4""-16' Douglas Fir #2",-,$6.77,25.00%,,$8.46,pcs,Coastal Forest,DF Lumber,,,
,,,"2x4""-20' Douglas Fir #2",-,$8.52,25.00%,,$10.66,pcs,Coastal Forest,DF Lumber,,,
,,,"2x6""-8' Douglas Fir #2",-,$5.52,25.00%,,$6.90,pcs,Coastal Forest,DF Lumber,,,
,,,"2x6""-10' Douglas Fir #2",-,$6.90,25.00%,,$8.63,pcs,Coastal Forest,DF Lumber,,,
,,,"2x6""-12' Douglas Fir #2",-,$8.28,25.00%,,$10.35,pcs,Coastal Forest,DF Lumber,,,
,,,"2x6""-14' Douglas Fir #2",-,$9.66,25.00%,,$12.08,pcs,Coastal Forest,DF Lumber,,,
,,,"2x6""-16' Douglas Fir #2",-,$11.04,25.00%,,$13.80,pcs,Coastal Forest,DF Lumber,,,
,,,"2x6""-20' Douglas Fir #2",-,$14.20,25.00%,,$17.75,pcs,Coastal Forest,DF Lumber,,,
,,,"2x8""-8' Douglas Fir #2",-,$9.84,25.00%,,$12.30,pcs,Coastal Forest,DF Lumber,,,
,,,"2x8""-10' Douglas Fir #2",-,$12.30,25.00%,,$15.38,pcs,Coastal Forest,DF Lumber,,,
,,,"2x8""-12' Douglas Fir #2",-,$14.76,25.00%,,$18.45,pcs,Coastal Forest,DF Lumber,,,
,,,"2x8""-14' Douglas Fir #2",-,$17.22,25.00%,,$21.53,pcs,Coastal Forest,DF Lumber,,,
,,,"2x8""-16' Douglas Fir #2",-,$19.68,25.00%,,$24.61,pcs,Coastal Forest,DF Lumber,,,
,,,"2x8""-24' Douglas Fir #2",-,$31.76,25.00%,,$39.70,pcs,Coastal Forest,DF Lumber,,,
,,,"2x10""-8' Douglas Fir #2",-,$20.58,25.00%,,$25.73,pcs,Coastal Forest,DF Lumber,,,
,,,"2x10""-10' Douglas Fir #2",-,$25.73,25.00%,,$32.16,pcs,Coastal Forest,DF Lumber,,,
,,,"2x10""-12' Douglas Fir #2",-,$30.88,25.00%,,$38.60,pcs,Coastal Forest,DF Lumber,,,
,,,"2x10""-14' Douglas Fir #2",-,$36.02,25.00%,,$45.03,pcs,Coastal Forest,DF Lumber,,,
,,,"2x10""-16' Douglas Fir #2",-,$41.17,25.00%,,$51.46,pcs,Coastal Forest,DF Lumber,,,
,,,"2x12""-8' Douglas Fir #2",-,$27.12,25.00%,,$33.90,pcs,Coastal Forest,DF Lumber,,,
,,,"2x12""-10' Douglas Fir #2",-,$33.90,25.00%,,$42.38,pcs,Coastal Forest,DF Lumber,,,
,,,"2x12""-12' Douglas Fir #2",-,$40.68,25.00%,,$50.85,pcs,Coastal Forest,DF Lumber,,,
,,,"2x12""-14' Douglas Fir #2",-,$47.46,25.00%,,$59.33,pcs,Coastal Forest,DF Lumber,,,
,,,"2x12""-16' Douglas Fir #2",-,$54.24,25.00%,,$67.80,pcs,Coastal Forest,DF Lumber,,,
,FIRE RATED LUMBER,FRT,"2x4""-12' Fire Rated Lumber",-,$16.34,20.00%,,$19.60,pcs,HardPine,Fire Rated Lumber,,,
,,,"2x4""-16' Fire Rated Lumber",-,$22.83,20.00%,,$27.39,pcs,HardPine,Fire Rated Lumber,,,
,,,"2x6""-10' Fire Rated Lumber",-,$19.69,21.00%,,$23.82,pcs,HardPine,Fire Rated Lumber,,,
,,,"2x6""-12' Fire Rated Lumber",-,$23.63,20.00%,,$28.35,pcs,HardPine,Fire Rated Lumber,,,
,,,"2x6""-16' Fire Rated Lumber",-,$30.73,20.00%,,$36.88,pcs,HardPine,Fire Rated Lumber,,,
,,,"2x8""-12' Fire Rated Lumber",-,$30.60,20.00%,,$36.72,pcs,HardPine,Fire Rated Lumber,,,
,,,"2x8""-16' Fire Rated Lumber",-,$41.83,20.00%,,$50.20,pcs,HardPine,Fire Rated Lumber,,,
,,,"2x10""-12' Fire Rated Lumber",-,$40.35,20.00%,,$48.42,pcs,HardPine,Fire Rated Lumber,,,
,,,"2x10""-16' Fire Rated Lumber",-,$52.06,20.00%,,$62.48,pcs,HardPine,Fire Rated Lumber,,,
,,,"2x12""-12' Fire Rated Lumber",-,$68.01,20.00%,,$81.62,pcs,HardPine,Fire Rated Lumber,,,
,,,"2x12""-16' Fire Rated Lumber",-,$89.41,20.00%,,$107.29,pcs,HardPine,Fire Rated Lumber,,,
,GLULAM LUMBER,CONCORD GluLam,"5-1/2""x9-1/2"" Glulam-(Concord)",-,$57.00,15.00%,,$65.55,lf,Concord,Glulam Lumber,,,
,,,"5-1/2""X10-1/2"" Glulam-(Concord)",-,$63.00,15.00%,,$72.45,lf,Concord,Glulam Lumber,,,
,,,"5-1/2""x11-7/8"" Glulam-(Concord)",-,$75.00,15.00%,,$86.25,lf,Concord,Glulam Lumber,,,
,,,"5-1/2""x13-1/2"" Glulam-(Concord)",-,$81.00,15.00%,,$93.15,lf,Concord,Glulam Lumber,,,
,,,"5-1/2""x18"" Glulam-(Concord)",-,$108.00,15.00%,,$124.20,lf,Concord,Glulam Lumber,,,
,,,"5-1/2""x19-1/2"" Glulam-(Concord)",-,$117.00,15.00%,,$134.55,lf,Concord,Glulam Lumber,,,
,,,"5-1/2""x21"" Glulam-(Concord)",-,$126.00,15.00%,,$144.90,lf,Concord,Glulam Lumber,,,
,,,"5-1/2""x22"" Glulam-(Concord)",-,$135.00,15.00%,,$155.25,lf,Concord,Glulam Lumber,,,
,,,"5-1/2""x24"" Glulam-(Concord)",-,$153.00,15.00%,,$175.95,lf,Concord,Glulam Lumber,,,
,,,"5-1/2""x28"" Glulam-(Concord)",-,$171.00,15.00%,,$196.65,lf,Concord,Glulam Lumber,,,
,,,"6-3/4""x19-1/2"" Glulam-(Concord)",-,$143.60,15.00%,,$165.14,lf,Concord,Glulam Lumber,,,
,,,"6-3/4""x22"" Glulam-(Concord)",-,$162.00,15.00%,,$186.30,lf,Concord,Glulam Lumber,,,
,,"ANTHONY FOREST PRODCUTS 

POWER BEAMS & COLUMNS","3-1/2x9-1/2""-1' Glulam-(PowerBeamsAFP)",-,$16.31,25.00%,,$20.39,lf,Coastal Forest,Glulam Lumber,,,
,,,"3-1/2x11-7/8""-1' Glulam-(PowerBeamsAFP)",-,$20.84,25.00%,,$26.05,lf,Coastal Forest,Glulam Lumber,,,
,,,"3-1/2x14""-1' Glulam-(PowerBeamsAFP)",-,$23.97,25.00%,,$29.96,lf,Coastal Forest,Glulam Lumber,,,
,,,"3-1/2x16""-1' Glulam-(PowerBeamsAFP)",-,$27.79,25.00%,,$34.74,lf,Coastal Forest,Glulam Lumber,,,
,,,"3-1/2x18""-1' Glulam-(PowerBeamsAFP)",-,$30.98,25.00%,,$38.73,lf,Coastal Forest,Glulam Lumber,,,
,,,"5-1/2x9-1/2""-1' Glulam-(PowerBeamsAFP)",-,$25.33,25.00%,,$31.66,lf,Coastal Forest,Glulam Lumber,,,
,,,"5-1/2x11-7/8""-1' Glulam-(PowerBeamsAFP)",-,$31.39,25.00%,,$39.24,lf,Coastal Forest,Glulam Lumber,,,
,,,"5-1/2x14""-1' Glulam-(PowerBeamsAFP)",-,$36.83,25.00%,,$46.04,lf,Coastal Forest,Glulam Lumber,,,
,,,"5-1/2x16""-1' Glulam-(PowerBeamsAFP)",-,$42.86,25.00%,,$53.58,lf,Coastal Forest,Glulam Lumber,,,
,,,"5-1/2x18""-1' Glulam-(PowerBeamsAFP)",-,$47.10,25.00%,,$58.88,lf,Coastal Forest,Glulam Lumber,,,
,,,"7x9-1/2""-1' Glulam-(PowerBeamsAFP)",-,$33.87,25.00%,,$42.34,lf,Coastal Forest,Glulam Lumber,,,
,,,"7x11-7/8""-1' Glulam-(PowerBeamsAFP)",-,$43.46,25.00%,,$54.33,lf,Coastal Forest,Glulam Lumber,,,
,,,"7x14""-1' Glulam-(PowerBeamsAFP)",-,$48.47,25.00%,,$60.59,lf,Coastal Forest,Glulam Lumber,,,
,,,"7x16""-1' Glulam-(PowerBeamsAFP)",-,$57.89,25.00%,,$72.36,lf,Coastal Forest,Glulam Lumber,,,
,,,"7x18""-1' Glulam-(PowerBeamsAFP)",-,$63.04,25.00%,,$78.80,lf,Coastal Forest,Glulam Lumber,,,
,,,"3-1/2x3-1/2""-1' Glulam-(PowerColumnsAFP)",-,$11.05,25.00%,,$13.81,lf,Coastal Forest,Glulam Lumber,,,
,,,"3-1/2x5-1/2""-1' Glulam-(PowerColumnsAFP)",-,$12.96,25.00%,,$16.20,lf,Coastal Forest,Glulam Lumber,,,
,,,"3-1/2x7""-1' Glulam-(PowerColumnsAFP)",-,$15.96,25.00%,,$19.95,lf,Coastal Forest,Glulam Lumber,,,
,,,"5-1/2x5-1/2""-1' Glulam-(PowerColumnsAFP)",-,$18.99,25.00%,,$23.74,lf,Coastal Forest,Glulam Lumber,,,
,,,"5-1/2x7""-1' Glulam-(PowerColumnsAFP)",-,$27.67,25.00%,,$34.59,lf,Coastal Forest,Glulam Lumber,,,
,,,"7x7""-1' Glulam-(PowerColumnsAFP)",-,$37.84,25.00%,,$47.30,lf,Coastal Forest,Glulam Lumber,,,
,,"ANTHONY FOREST PRODCUTS 

POWER PRESERVED BEAMS & COLUMNS","3-1/2x9-1/2""-1' Glulam-(PowerPreservedBeamsAFP)",-,$37.22,25.00%,,$46.53,lf,Coastal Forest,Glulam PT,,,
,,,"3-1/2x11-7/8""-1' Glulam-(PowerPreservedBeamsAFP)",-,$47.52,25.00%,,$59.40,lf,Coastal Forest,Glulam PT,,,
,,,"5-1/4x9-1/2""-1' Glulam-(PowerPreservedBeamsAFP)",-,$55.63,25.00%,,$69.54,lf,Coastal Forest,Glulam PT,,,
,,,"5-1/4x11-7/8""-1' Glulam-(PowerPreservedBeamsAFP)",-,$70.89,25.00%,,$88.61,lf,Coastal Forest,Glulam PT,,,
,,,"5-1/4x14""-1' Glulam-(PowerPreservedBeamsAFP)",-,$79.77,25.00%,,$99.71,lf,Coastal Forest,Glulam PT,,,
,,,"5-1/4x16""-1' Glulam-(PowerPreservedBeamsAFP)",-,$95.16,25.00%,,$118.95,lf,Coastal Forest,Glulam PT,,,
,,,"5-1/4x5-1/2""-1' Glulam-(PowerPreservedColumnAFP)",-,$32.02,25.00%,,$40.03,lf,Coastal Forest,Glulam PT,,,
,SOUTHERN YELLOW PINE,SYP#1,"2x4""-8' SYP#1",-,$2.93,30.00%,,$3.81,pcs,Bentley Lumber Sales,SYP Lumber,,,
,,,"2x4""-10' SYP#1",-,$3.23,30.00%,,$4.20,pcs,Bentley Lumber Sales,SYP Lumber,,,
,,,"2x4""-12' SYP#1",-,$3.96,30.00%,,$5.14,pcs,Bentley Lumber Sales,SYP Lumber,,,
,,,"2x4""-14' SYP#1",-,$5.22,30.00%,,$6.79,pcs,Bentley Lumber Sales,SYP Lumber,,,
,,,"2x4""-16' SYP#1",-,$5.81,30.00%,,$7.55,pcs,Bentley Lumber Sales,SYP Lumber,,,
,,,"2x6""-8' SYP#1",-,$3.80,30.00%,,$4.94,pcs,Bentley Lumber Sales,SYP Lumber,,,
,,,"2x6""-10' SYP#1",-,$4.55,30.00%,,$5.92,pcs,Bentley Lumber Sales,SYP Lumber,,,
,,,"2x6""-12' SYP#1",-,$5.70,30.00%,,$7.41,pcs,Bentley Lumber Sales,SYP Lumber,,,
,,,"2x6""-14' SYP#1",-,$6.51,30.00%,,$8.46,pcs,Bentley Lumber Sales,SYP Lumber,,,
,,,"2x6""-16' SYP#1",-,$8.00,30.00%,,$10.40,pcs,Bentley Lumber Sales,SYP Lumber,,,
,,,"2x8""-8' SYP#1",-,$4.38,30.00%,,$5.70,pcs,Bentley Lumber Sales,SYP Lumber,,,
,,,"2x8""-10' SYP#1",-,$5.48,30.00%,,$7.12,pcs,Bentley Lumber Sales,SYP Lumber,,,
,,,"2x8""-12' SYP#1",-,$7.61,30.00%,,$9.90,pcs,Bentley Lumber Sales,SYP Lumber,,,
,,,"2x8""-14' SYP#1",-,$8.14,30.00%,,$10.58,pcs,Bentley Lumber Sales,SYP Lumber,,,
,,,"2x8""-16' SYP#1",-,$9.72,30.00%,,$12.64,pcs,Bentley Lumber Sales,SYP Lumber,,,
,,,"2x8""-18' SYP#1",-,$9.74,30.00%,,$12.67,pcs,Bentley Lumber Sales,SYP Lumber,,,
,,,"2x8""-20' SYP#1",-,$11.23,30.00%,,$14.59,pcs,Bentley Lumber Sales,SYP Lumber,,,
,,,"2x10""-8' SYP#1",-,$6.27,30.00%,,$8.15,pcs,Bentley Lumber Sales,SYP Lumber,,,
,,,"2x10""-10' SYP#1",-,$7.84,30.00%,,$10.19,pcs,Bentley Lumber Sales,SYP Lumber,,,
,,,"2x10""-12' SYP#1",-,$10.00,30.00%,,$13.00,pcs,Bentley Lumber Sales,SYP Lumber,,,
,,,"2x10""-14' SYP#1",-,$11.43,30.00%,,$14.86,pcs,Bentley Lumber Sales,SYP Lumber,,,
,,,"2x10""-16' SYP#1",-,$13.07,30.00%,,$16.99,pcs,Bentley Lumber Sales,SYP Lumber,,,
,,,"2x10""-18' SYP#1",-,$11.12,30.00%,,$14.45,pcs,Bentley Lumber Sales,SYP Lumber,,,
,,,"2x10""-20' SYP#1",-,$17.66,30.00%,,$22.96,pcs,Bentley Lumber Sales,SYP Lumber,,,
,,,"2x12""-8' SYP#1",-,$8.22,30.00%,,$10.69,pcs,Bentley Lumber Sales,SYP Lumber,,,
,,,"2x12""-10' SYP#1",-,$10.28,30.00%,,$13.36,pcs,Bentley Lumber Sales,SYP Lumber,,,
,,,"2x12""-12' SYP#1",-,$11.74,30.00%,,$15.26,pcs,Bentley Lumber Sales,SYP Lumber,,,
,,,"2x12""-14' SYP#1",-,$12.85,30.00%,,$16.71,pcs,Bentley Lumber Sales,SYP Lumber,,,
,,,"2x12""-16' SYP#1",-,$16.77,30.00%,,$21.80,pcs,Bentley Lumber Sales,SYP Lumber,,,
,,,"2x12""-18' SYP#1",-,$19.40,30.00%,,$25.23,pcs,Bentley Lumber Sales,SYP Lumber,,,
,,,"2x12""-20' SYP#1",-,$41.96,30.00%,,$54.55,pcs,Bentley Lumber Sales,SYP Lumber,,,
,,SYP#2,"2x4""-8' SYP#2",-,$2.69,30.00%,,$3.50,pcs,Bentley Lumber Sales,SYP Lumber,,,
,,,"2x4""-10' SYP#2",-,$3.00,30.00%,,$3.90,pcs,Bentley Lumber Sales,SYP Lumber,,,
,,,"2x4""-12' SYP#2",-,$3.64,30.00%,,$4.73,pcs,Bentley Lumber Sales,SYP Lumber,,,
,,,"2x4""-14' SYP#2",-,$4.66,30.00%,,$6.06,pcs,Bentley Lumber Sales,SYP Lumber,,,
,,,"2x4""-16' SYP#2",-,$5.59,30.00%,,$7.27,pcs,Bentley Lumber Sales,SYP Lumber,,,
,,,"2x6""-8' SYP#2",-,$4.08,30.00%,,$5.30,pcs,Bentley Lumber Sales,SYP Lumber,,,
,,,"2x6""-10' SYP#2",-,$4.25,30.00%,,$5.53,pcs,Bentley Lumber Sales,SYP Lumber,,,
,,,"2x6""-12' SYP#2",-,$5.10,30.00%,,$6.63,pcs,Bentley Lumber Sales,SYP Lumber,,,
,,,"2x6""-14' SYP#2",-,$6.30,30.00%,,$8.19,pcs,Bentley Lumber Sales,SYP Lumber,,,
,,,"2x6""-16' SYP#2",-,$7.36,30.00%,,$9.57,pcs,Bentley Lumber Sales,SYP Lumber,,,
,,,"2x8""-8' SYP#2",-,$4.33,30.00%,,$5.63,pcs,Bentley Lumber Sales,SYP Lumber,,,
,,,"2x8""-10' SYP#2",-,$5.41,30.00%,,$7.04,pcs,Bentley Lumber Sales,SYP Lumber,,,
,,,"2x8""-12' SYP#2",-,$6.66,30.00%,,$8.65,pcs,Bentley Lumber Sales,SYP Lumber,,,
,,,"2x8""-14' SYP#2",-,$7.86,30.00%,,$10.21,pcs,Bentley Lumber Sales,SYP Lumber,,,
,,,"2x8""-16' SYP#2",-,$9.30,30.00%,,$12.09,pcs,Bentley Lumber Sales,SYP Lumber,,,
,,,"2x8""-18' SYP#2",-,$9.15,30.00%,,$11.89,pcs,Bentley Lumber Sales,SYP Lumber,,,
,,,"2x8""-20' SYP#2",-,$10.56,30.00%,,$13.73,pcs,Bentley Lumber Sales,SYP Lumber,,,
,,,"2x10""-8' SYP#2",-,$5.54,30.00%,,$7.20,pcs,Bentley Lumber Sales,SYP Lumber,,,
,,,"2x10""-10' SYP#2",-,$6.92,30.00%,,$9.00,pcs,Bentley Lumber Sales,SYP Lumber,,,
,,,"2x10""-12' SYP#2",-,$8.80,30.00%,,$11.45,pcs,Bentley Lumber Sales,SYP Lumber,,,
,,,"2x10""-14' SYP#2",-,$10.27,30.00%,,$13.35,pcs,Bentley Lumber Sales,SYP Lumber,,,
,,,"2x10""-16' SYP#2",-,$12.67,30.00%,,$16.47,pcs,Bentley Lumber Sales,SYP Lumber,,,
,,,"2x10""-18' SYP#2",-,$10.67,30.00%,,$13.87,pcs,Bentley Lumber Sales,SYP Lumber,,,
,,,"2x10""-20' SYP#2",-,$13.68,30.00%,,$17.78,pcs,Bentley Lumber Sales,SYP Lumber,,,
,,,"2x12""-8' SYP#2",-,$6.22,30.00%,,$8.09,pcs,Bentley Lumber Sales,SYP Lumber,,,
,,,"2x12""-10' SYP#2",-,$7.78,30.00%,,$10.11,pcs,Bentley Lumber Sales,SYP Lumber,,,
,,,"2x12""-12' SYP#2",-,$10.42,30.00%,,$13.54,pcs,Bentley Lumber Sales,SYP Lumber,,,
,,,"2x12""-14' SYP#2",-,$11.03,30.00%,,$14.34,pcs,Bentley Lumber Sales,SYP Lumber,,,
,,,"2x12""-16' SYP#2",-,$15.49,30.00%,,$20.13,pcs,Bentley Lumber Sales,SYP Lumber,,,
,,,"2x12""-18' SYP#2",-,$17.60,30.00%,,$22.89,pcs,Bentley Lumber Sales,SYP Lumber,,,
,,,"2x12""-20' SYP#2",-,$27.56,30.00%,,$35.83,pcs,Bentley Lumber Sales,SYP Lumber,,,
,,LSL / LVL STUD 2x,"2x4""-8' LSL/LVL Stud",-,$19.84,0.00%,,$19.84,pcs,HardPine,,Markup applied from Jon,,
,,,"2x4""-10' LSL/LVL Stud",-,$24.80,0.00%,,$24.80,pcs,HardPine,,,,
,,,"2x4""-12' LSL/LVL Stud",-,$29.76,0.00%,,$29.76,pcs,HardPine,,,,
,,,"2x4""-16' LSL/LVL Stud",-,$39.68,0.00%,,$39.68,pcs,HardPine,,,,
,,,"2x4""-20' LSL/LVL Stud",-,$49.60,0.00%,,$49.60,pcs,HardPine,,,,
,,,"2x6""-8' LSL/LVL Stud",-,$29.44,0.00%,,$29.44,pcs,HardPine,,,,
,,,"2x6""-10' LSL/LVL Stud",-,$36.80,0.00%,,$36.80,pcs,HardPine,,,,
,,,"2x6""-12' LSL/LVL Stud",-,$44.16,0.00%,,$44.16,pcs,HardPine,,,,
,,,"2x6""-16' LSL/LVL Stud",-,$58.88,0.00%,,$58.88,pcs,HardPine,,,,
,,,"2x6""-20' LSL/LVL Stud",-,$73.60,0.00%,,$73.60,pcs,HardPine,,,,
,,,"2x6""-24' LSL/LVL Stud",-,$88.32,0.00%,,$88.32,pcs,HardPine,,,,
,,Windows,"35.375""x47.25""American_Craftsman Glass Vinyl Fin Window",,$209.00,15.00%,,$240.35,pcs,Home Depot,Window,,"American Craftsman 35.375 in. x 47.25 in. 50 Series White Single Hung Low-E Argon Glass Vinyl Fin Window, Screen Incl",4/1/2025
,,,12d-Metabo Stick Nails,,$46.00,28.00%,,$58.88,boxes,NH Tool,Nails,,Randy's supplier,6/3/2025
,,,8d-Metabo Ring Shank Stick Nails,,$44.00,26.73%,,$55.76,boxes,NH Tool,Nails,,Randy's supplier,6/3/2025
,,,SDWS22400D Double Barrier Coating 50 Pack,50,$31.53,30.00%,,$40.99,boxes,Fastener Plus,Screws,,"0.220"" x 4"" Strong-Tie SDWS22400DB-R50 Timber Screw - Double Barrier C – Fasteners Plus",6/18/2025
,,,MSTI60 Galvanized,,$30.33,30.00%,,$39.43,pcs,Fastener Plus,Strap Tie,,"Simpson MSTI60 60"" 12 Gauge Strap Tie - G90 Galvanized – Fasteners Plus",6/18/2025
,,,LTS12 Galvanized,,$1.39,30.00%,,$1.81,pcs,Fastener Plus,Strap Tie,,"Simpson LTS12 12"" Twist Strap - G90 Galvanized – Fasteners Plus",6/18/2025
,,,JB212A Galvanized,,$7.32,30.00%,,$9.52,pcs,Fastener Plus,Hanger,,Simpson JB212A 2x12 Top Flange Joist Hanger - G90 Galvanized – Fasteners Plus,6/18/2025
,,,JB28 Galvanized,,$4.31,30.00%,,$5.60,pcs,Fastener Plus,Hanger,,Simpson JB28 2x8 Top Flange Joist Hanger - G90 Galvanized – Fasteners Plus,6/18/2025
,,,MSTI36 Galvanized,,$18.51,30.00%,,$24.06,pcs,Fastener Plus,Strap Tie,,"Simpson MSTI36 36"" 12 Gauge Strap Tie - G90 Galvanized – Fasteners Plus",6/18/2025
,,,"0.275x5"" Conquest Structural Screw",50,$26.01,30.00%,,$33.81,boxes,Fastener Plus,Screws,,".275"" x 5"" Conquest Structural Screw - T-30 Star Drive, Pkg 50 – Fasteners Plus",6/19/2025
,,,"3/4""x2-3/4"" Conquest A325 Hex Structural Bolt",,$1.98,30.00%,,$2.57,pcs,Fastener Plus,Lag Bolt,,"10 x 2-3/4"" Conquest A325 Type 1 Heavy Hex Structural Bolt, Plain",7/1/2025
,,,"1/2""x7"" Conquest A307 Hex Bolt Hot Dip Galvanized",,$1.31,30.00%,,$1.70,pcs,Fastener Plus,Lag Bolt,,"1/2""-13 x 7"" Conquest A307 Grade A Hex Bolt - Hot Dip Galvanized – Fasteners Plus",7/1/2025
,,,"1/2""x12"" Conquest A307 Hex Bolt Hot Dip Galvanized",,$2.41,30.00%,,$3.13,pcs,Fastener Plus,Lag Bolt,,"1/2""-13 x 12"" Conquest A307 Grade A Hex Bolt - Hot Dip Galvanized",7/1/2025
,,,"4x8'-19/32"" OSB STHG Dryguard T&G",,$20.77,30.00%,,$27.00,sheets,BlueLinx,Sheathing,Coddington cove quote,,5/9/2025
,,,"4x8'-1/2"" CDX RS Flamepro Fire Treated",,$28.80,30.00%,,$37.44,sheets,BlueLinx,Sheathing,Coddington cove quote,,5/9/2025
,,,HDUE3-SDS3 Galvanized,,$39.96,30.00%,,$51.95,pcs,Fastener Plus,Fasteners,,"Simpson HDUE3-SDS3 8-11/16"" Predeflected Holdown w/SDS Screws - G90 Galvanized",7/25/2025
,,,HDUE5-SDS3 Galvanized,,$46.00,30.00%,,$59.80,pcs,Fastener Plus,Fasteners,,"Simpson HDUE5-SDS3 11-5/16"" Predeflected Holdown w/SDS Screws - G90 Galvanized",7/25/2025
,,,HDUE7-SDS3 Galvanized,,$66.14,30.00%,,$85.98,pcs,Fastener Plus,Fasteners,,"Simpson HDUE7-SDS3 14-11/16"" Predeflected Holdown w/SDS Screws - G90 Galvanized",7/25/2025
,,,"5/8"" ATR5",,$3.65,30.00%,,$4.75,pcs,Fastener Plus,Fasteners,,"ATR5/8X12 Simpson Strong-Tie 5/8"" x 12"" All-Thread Rod – Fasteners Plus",7/28/2025
,,,"1/2""x4"" Conquest A325 Hex Structural Bolt",,$1.45,30.00%,,$1.89,pcs,Fastener Plus,Screws,,"1/2""-13 x 4"" Conquest A325 Type 1 Heavy Hex Structural Bolt, Plain",7/28/2025
,,,SDWS22600DB-R50 Double Barrier Coating 50 Pack,50,$49.45,30.00%,,$64.29,boxes,Fastener Plus,Screws,,"0.220"" x 6"" Strong-Tie SDWS22600DB-R50 Timber Screw - Double Barrier C – Fasteners Plus",7/28/2025
,,,JB210A Galvanized,,$7.62,30.00%,,$9.91,pcs,Fastener Plus,Hanger,,Simpson JB210A 2x10 Top Flange Joist Hanger - G90 Galvanized – Fasteners Plus,7/28/2025
,,,"4x8'-5/8"" Densglass (40 sheets per unit, full units only)",,$26.25,25.00%,,$32.81,sheets,,Sheathing,,,8/20/2025
,,,"1-5/8"" Stainless Steel Screw (350)",,$63.81,20.00%,,$76.57,packs,Fastener Plus,Screws,,"Simpson T08162WPP #8 x 1-5/8"" T20 DWP Flat Head Wood Screw - Type 316 Stainless, Pkg 350",8/21/2025
,,,HB5.50/11.88 Top Flange Galvanized,,$47.49,20.00%,$56.99,$56.99,pcs,Fastener Plus,Hanger,,Simpson HB5.50/11.88 Top Flange I-Joist Hanger - G90 Galvanized – Fasteners Plus,9/3/2025
,,,HU212-2TF Galvanized,,$53.34,30.00%,$69.34,$69.34,pcs,Fastener Plus,Hanger,,Simpson HU212-2TF Double 2x12 Top Flange Face Mount Hanger - G90 Galvanized,9/4/2025